Time,SpO2(%),Pulse Rate(bpm),Motion,SpO2 Reminder,PR Reminder,
"12:15:07AM Nov 19, 2024",97,65,0,0,0,
"12:15:11AM Nov 19, 2024",97,66,11,0,0,
"12:15:15AM Nov 19, 2024",97,67,12,0,0,
"12:15:19AM Nov 19, 2024",97,69,1,0,0,
"12:15:23AM Nov 19, 2024",97,69,16,0,0,
"12:15:27AM Nov 19, 2024",97,69,95,0,0,
"12:15:31AM Nov 19, 2024",97,68,14,0,0,
"12:15:35AM Nov 19, 2024",97,73,29,0,0,
"12:15:39AM Nov 19, 2024",97,72,0,0,0,
"12:15:43AM Nov 19, 2024",97,75,3,0,0,
"12:15:47AM Nov 19, 2024",97,80,0,0,0,
"12:15:51AM Nov 19, 2024",97,79,7,0,0,
"12:15:55AM Nov 19, 2024",97,78,13,0,0,
"12:15:59AM Nov 19, 2024",97,78,7,0,0,
"12:16:03AM Nov 19, 2024",97,81,0,0,0,
"12:16:07AM Nov 19, 2024",97,72,0,0,0,
"12:16:11AM Nov 19, 2024",98,63,0,0,0,
"12:16:15AM Nov 19, 2024",97,58,0,0,0,
"12:16:19AM Nov 19, 2024",97,59,0,0,0,
"12:16:23AM Nov 19, 2024",97,58,0,0,0,
"12:16:27AM Nov 19, 2024",97,58,5,0,0,
"12:16:31AM Nov 19, 2024",97,60,15,0,0,
"12:16:35AM Nov 19, 2024",97,61,0,0,0,
"12:16:39AM Nov 19, 2024",96,64,0,0,0,
"12:16:43AM Nov 19, 2024",97,62,0,0,0,
"12:16:47AM Nov 19, 2024",97,61,0,0,0,
"12:16:51AM Nov 19, 2024",97,62,0,0,0,
"12:16:55AM Nov 19, 2024",97,65,0,0,0,
"12:16:59AM Nov 19, 2024",97,65,1,0,0,
"12:17:03AM Nov 19, 2024",97,65,1,0,0,
"12:17:07AM Nov 19, 2024",97,65,0,0,0,
"12:17:11AM Nov 19, 2024",97,63,0,0,0,
"12:17:15AM Nov 19, 2024",97,60,0,0,0,
"12:17:19AM Nov 19, 2024",97,60,0,0,0,
"12:17:23AM Nov 19, 2024",97,63,0,0,0,
"12:17:27AM Nov 19, 2024",98,62,0,0,0,
"12:17:31AM Nov 19, 2024",98,62,1,0,0,
"12:17:35AM Nov 19, 2024",98,63,0,0,0,
"12:17:39AM Nov 19, 2024",98,61,0,0,0,
"12:17:43AM Nov 19, 2024",98,61,16,0,0,
"12:17:47AM Nov 19, 2024",98,61,1,0,0,
"12:17:51AM Nov 19, 2024",98,61,10,0,0,
"12:17:55AM Nov 19, 2024",97,62,0,0,0,
"12:17:59AM Nov 19, 2024",97,61,6,0,0,
"12:18:03AM Nov 19, 2024",97,61,0,0,0,
"12:18:07AM Nov 19, 2024",97,63,0,0,0,
"12:18:11AM Nov 19, 2024",98,62,0,0,0,
"12:18:15AM Nov 19, 2024",98,61,6,0,0,
"12:18:19AM Nov 19, 2024",97,61,13,0,0,
"12:18:23AM Nov 19, 2024",97,62,0,0,0,
"12:18:27AM Nov 19, 2024",97,63,0,0,0,
"12:18:31AM Nov 19, 2024",97,59,0,0,0,
"12:18:35AM Nov 19, 2024",98,57,0,0,0,
"12:18:39AM Nov 19, 2024",97,58,0,0,0,
"12:18:43AM Nov 19, 2024",97,61,23,0,0,
"12:18:47AM Nov 19, 2024",96,67,33,0,0,
"12:18:51AM Nov 19, 2024",96,67,25,0,0,
"12:18:55AM Nov 19, 2024",96,67,9,0,0,
"12:18:59AM Nov 19, 2024",96,68,3,0,0,
"12:19:03AM Nov 19, 2024",96,65,28,0,0,
"12:19:07AM Nov 19, 2024",97,64,4,0,0,
"12:19:11AM Nov 19, 2024",97,64,8,0,0,
"12:19:15AM Nov 19, 2024",97,61,11,0,0,
"12:19:19AM Nov 19, 2024",97,61,4,0,0,
"12:19:23AM Nov 19, 2024",97,64,5,0,0,
"12:19:27AM Nov 19, 2024",97,65,9,0,0,
"12:19:31AM Nov 19, 2024",97,65,0,0,0,
"12:19:35AM Nov 19, 2024",97,65,0,0,0,
"12:19:39AM Nov 19, 2024",97,64,4,0,0,
"12:19:43AM Nov 19, 2024",97,65,3,0,0,
"12:19:47AM Nov 19, 2024",97,65,3,0,0,
"12:19:51AM Nov 19, 2024",97,65,1,0,0,
"12:19:55AM Nov 19, 2024",97,65,6,0,0,
"12:19:59AM Nov 19, 2024",97,65,1,0,0,
"12:20:03AM Nov 19, 2024",97,63,75,0,0,
"12:20:07AM Nov 19, 2024",97,63,0,0,0,
"12:20:11AM Nov 19, 2024",97,60,0,0,0,
"12:20:15AM Nov 19, 2024",97,57,0,0,0,
"12:20:19AM Nov 19, 2024",97,57,0,0,0,
"12:20:23AM Nov 19, 2024",97,58,0,0,0,
"12:20:27AM Nov 19, 2024",96,57,0,0,0,
"12:20:31AM Nov 19, 2024",96,60,0,0,0,
"12:20:35AM Nov 19, 2024",96,63,0,0,0,
"12:20:39AM Nov 19, 2024",96,66,0,0,0,
"12:20:43AM Nov 19, 2024",96,67,0,0,0,
"12:20:47AM Nov 19, 2024",96,63,61,0,0,
"12:20:51AM Nov 19, 2024",96,65,7,0,0,
"12:20:55AM Nov 19, 2024",96,67,0,0,0,
"12:20:59AM Nov 19, 2024",96,65,0,0,0,
"12:21:03AM Nov 19, 2024",96,58,0,0,0,
"12:21:07AM Nov 19, 2024",97,58,0,0,0,
"12:21:11AM Nov 19, 2024",97,58,0,0,0,
"12:21:15AM Nov 19, 2024",97,63,0,0,0,
"12:21:19AM Nov 19, 2024",97,64,0,0,0,
"12:21:23AM Nov 19, 2024",97,61,6,0,0,
"12:21:27AM Nov 19, 2024",97,62,2,0,0,
"12:21:31AM Nov 19, 2024",97,63,1,0,0,
"12:21:35AM Nov 19, 2024",97,63,0,0,0,
"12:21:39AM Nov 19, 2024",96,64,0,0,0,
"12:21:43AM Nov 19, 2024",96,62,0,0,0,
"12:21:47AM Nov 19, 2024",96,59,3,0,0,
"12:21:51AM Nov 19, 2024",97,62,2,0,0,
"12:21:55AM Nov 19, 2024",97,61,0,0,0,
"12:21:59AM Nov 19, 2024",97,58,0,0,0,
"12:22:03AM Nov 19, 2024",97,58,0,0,0,
"12:22:07AM Nov 19, 2024",97,59,0,0,0,
"12:22:11AM Nov 19, 2024",97,60,0,0,0,
"12:22:15AM Nov 19, 2024",96,59,0,0,0,
"12:22:19AM Nov 19, 2024",96,58,0,0,0,
"12:22:23AM Nov 19, 2024",96,59,12,0,0,
"12:22:27AM Nov 19, 2024",96,59,0,0,0,
"12:22:31AM Nov 19, 2024",96,58,0,0,0,
"12:22:35AM Nov 19, 2024",97,57,0,0,0,
"12:22:39AM Nov 19, 2024",97,58,0,0,0,
"12:22:43AM Nov 19, 2024",97,58,0,0,0,
"12:22:47AM Nov 19, 2024",96,58,0,0,0,
"12:22:51AM Nov 19, 2024",96,58,9,0,0,
"12:22:55AM Nov 19, 2024",96,58,3,0,0,
"12:22:59AM Nov 19, 2024",96,60,0,0,0,
"12:23:03AM Nov 19, 2024",96,59,0,0,0,
"12:23:07AM Nov 19, 2024",96,58,0,0,0,
"12:23:11AM Nov 19, 2024",96,59,0,0,0,
"12:23:15AM Nov 19, 2024",96,60,0,0,0,
"12:23:19AM Nov 19, 2024",95,59,0,0,0,
"12:23:23AM Nov 19, 2024",96,59,9,0,0,
"12:23:27AM Nov 19, 2024",96,61,2,0,0,
"12:23:31AM Nov 19, 2024",96,62,0,0,0,
"12:23:35AM Nov 19, 2024",96,59,0,0,0,
"12:23:39AM Nov 19, 2024",97,58,0,0,0,
"12:23:43AM Nov 19, 2024",97,59,0,0,0,
"12:23:47AM Nov 19, 2024",97,59,0,0,0,
"12:23:51AM Nov 19, 2024",97,60,0,0,0,
"12:23:55AM Nov 19, 2024",96,60,0,0,0,
"12:23:59AM Nov 19, 2024",96,61,0,0,0,
"12:24:03AM Nov 19, 2024",96,60,0,0,0,
"12:24:07AM Nov 19, 2024",96,60,0,0,0,
"12:24:11AM Nov 19, 2024",96,64,0,0,0,
"12:24:15AM Nov 19, 2024",96,65,0,0,0,
"12:24:19AM Nov 19, 2024",97,64,0,0,0,
"12:24:23AM Nov 19, 2024",97,63,0,0,0,
"12:24:27AM Nov 19, 2024",97,64,0,0,0,
"12:24:31AM Nov 19, 2024",97,62,0,0,0,
"12:24:35AM Nov 19, 2024",97,60,0,0,0,
"12:24:39AM Nov 19, 2024",97,60,0,0,0,
"12:24:43AM Nov 19, 2024",97,59,0,0,0,
"12:24:47AM Nov 19, 2024",97,60,0,0,0,
"12:24:51AM Nov 19, 2024",97,60,0,0,0,
"12:24:55AM Nov 19, 2024",97,60,0,0,0,
"12:24:59AM Nov 19, 2024",97,60,0,0,0,
"12:25:03AM Nov 19, 2024",97,59,0,0,0,
"12:25:07AM Nov 19, 2024",97,58,0,0,0,
"12:25:11AM Nov 19, 2024",97,59,5,0,0,
"12:25:15AM Nov 19, 2024",97,60,6,0,0,
"12:25:19AM Nov 19, 2024",96,61,0,0,0,
"12:25:23AM Nov 19, 2024",96,58,0,0,0,
"12:25:27AM Nov 19, 2024",96,57,0,0,0,
"12:25:31AM Nov 19, 2024",97,59,6,0,0,
"12:25:35AM Nov 19, 2024",97,59,0,0,0,
"12:25:39AM Nov 19, 2024",97,59,2,0,0,
"12:25:43AM Nov 19, 2024",97,59,0,0,0,
"12:25:47AM Nov 19, 2024",96,58,0,0,0,
"12:25:51AM Nov 19, 2024",96,57,0,0,0,
"12:25:55AM Nov 19, 2024",95,58,0,0,0,
"12:25:59AM Nov 19, 2024",95,60,4,0,0,
"12:26:03AM Nov 19, 2024",95,65,0,0,0,
"12:26:07AM Nov 19, 2024",96,63,0,0,0,
"12:26:11AM Nov 19, 2024",96,55,0,0,0,
"12:26:15AM Nov 19, 2024",97,55,0,0,0,
"12:26:19AM Nov 19, 2024",97,57,0,0,0,
"12:26:23AM Nov 19, 2024",97,58,0,0,0,
"12:26:27AM Nov 19, 2024",97,59,0,0,0,
"12:26:31AM Nov 19, 2024",97,58,0,0,0,
"12:26:35AM Nov 19, 2024",97,58,0,0,0,
"12:26:39AM Nov 19, 2024",97,58,0,0,0,
"12:26:43AM Nov 19, 2024",97,58,0,0,0,
"12:26:47AM Nov 19, 2024",97,61,0,0,0,
"12:26:51AM Nov 19, 2024",96,60,0,0,0,
"12:26:55AM Nov 19, 2024",96,58,0,0,0,
"12:26:59AM Nov 19, 2024",96,59,0,0,0,
"12:27:03AM Nov 19, 2024",97,60,0,0,0,
"12:27:07AM Nov 19, 2024",97,60,0,0,0,
"12:27:11AM Nov 19, 2024",96,64,4,0,0,
"12:27:15AM Nov 19, 2024",95,67,6,0,0,
"12:27:19AM Nov 19, 2024",95,74,5,0,0,
"12:27:23AM Nov 19, 2024",94,75,0,0,0,
"12:27:27AM Nov 19, 2024",94,75,0,0,0,
"12:27:31AM Nov 19, 2024",95,68,0,0,0,
"12:27:35AM Nov 19, 2024",97,64,0,0,0,
"12:27:39AM Nov 19, 2024",97,62,0,0,0,
"12:27:43AM Nov 19, 2024",97,60,0,0,0,
"12:27:47AM Nov 19, 2024",97,58,0,0,0,
"12:27:51AM Nov 19, 2024",97,57,0,0,0,
"12:27:55AM Nov 19, 2024",97,57,0,0,0,
"12:27:59AM Nov 19, 2024",97,57,0,0,0,
"12:28:03AM Nov 19, 2024",97,56,0,0,0,
"12:28:07AM Nov 19, 2024",97,53,0,0,0,
"12:28:11AM Nov 19, 2024",97,54,0,0,0,
"12:28:15AM Nov 19, 2024",97,59,0,0,0,
"12:28:19AM Nov 19, 2024",96,65,0,0,0,
"12:28:23AM Nov 19, 2024",96,63,0,0,0,
"12:28:27AM Nov 19, 2024",96,54,0,0,0,
"12:28:31AM Nov 19, 2024",96,52,0,0,0,
"12:28:35AM Nov 19, 2024",96,55,0,0,0,
"12:28:39AM Nov 19, 2024",97,57,0,0,0,
"12:28:43AM Nov 19, 2024",97,58,0,0,0,
"12:28:47AM Nov 19, 2024",97,63,6,0,0,
"12:28:51AM Nov 19, 2024",97,63,20,0,0,
"12:28:55AM Nov 19, 2024",97,63,15,0,0,
"12:28:59AM Nov 19, 2024",96,67,2,0,0,
"12:29:03AM Nov 19, 2024",96,73,0,0,0,
"12:29:07AM Nov 19, 2024",96,71,0,0,0,
"12:29:11AM Nov 19, 2024",97,61,0,0,0,
"12:29:15AM Nov 19, 2024",97,57,0,0,0,
"12:29:19AM Nov 19, 2024",97,58,0,0,0,
"12:29:23AM Nov 19, 2024",97,60,0,0,0,
"12:29:27AM Nov 19, 2024",96,60,0,0,0,
"12:29:31AM Nov 19, 2024",96,60,0,0,0,
"12:29:35AM Nov 19, 2024",96,61,0,0,0,
"12:29:39AM Nov 19, 2024",97,61,0,0,0,
"12:29:43AM Nov 19, 2024",97,60,0,0,0,
"12:29:47AM Nov 19, 2024",97,60,0,0,0,
"12:29:51AM Nov 19, 2024",97,59,0,0,0,
"12:29:55AM Nov 19, 2024",97,59,0,0,0,
"12:29:59AM Nov 19, 2024",97,59,0,0,0,
"12:30:03AM Nov 19, 2024",97,60,0,0,0,
"12:30:07AM Nov 19, 2024",97,62,0,0,0,
"12:30:11AM Nov 19, 2024",97,63,0,0,0,
"12:30:15AM Nov 19, 2024",97,62,0,0,0,
"12:30:19AM Nov 19, 2024",96,61,0,0,0,
"12:30:23AM Nov 19, 2024",96,58,0,0,0,
"12:30:27AM Nov 19, 2024",96,56,0,0,0,
"12:30:31AM Nov 19, 2024",96,56,0,0,0,
"12:30:35AM Nov 19, 2024",96,57,0,0,0,
"12:30:39AM Nov 19, 2024",96,58,0,0,0,
"12:30:43AM Nov 19, 2024",96,59,0,0,0,
"12:30:47AM Nov 19, 2024",96,59,1,0,0,
"12:30:51AM Nov 19, 2024",96,64,0,0,0,
"12:30:55AM Nov 19, 2024",96,64,0,0,0,
"12:30:59AM Nov 19, 2024",96,62,0,0,0,
"12:31:03AM Nov 19, 2024",96,57,0,0,0,
"12:31:07AM Nov 19, 2024",96,58,0,0,0,
"12:31:11AM Nov 19, 2024",97,57,0,0,0,
"12:31:15AM Nov 19, 2024",97,58,0,0,0,
"12:31:19AM Nov 19, 2024",97,58,1,0,0,
"12:31:23AM Nov 19, 2024",97,57,0,0,0,
"12:31:27AM Nov 19, 2024",97,56,0,0,0,
"12:31:31AM Nov 19, 2024",97,56,0,0,0,
"12:31:35AM Nov 19, 2024",97,58,0,0,0,
"12:31:39AM Nov 19, 2024",97,58,0,0,0,
"12:31:43AM Nov 19, 2024",97,57,0,0,0,
"12:31:47AM Nov 19, 2024",97,58,0,0,0,
"12:31:51AM Nov 19, 2024",96,60,0,0,0,
"12:31:55AM Nov 19, 2024",96,60,0,0,0,
"12:31:59AM Nov 19, 2024",96,62,0,0,0,
"12:32:03AM Nov 19, 2024",96,60,0,0,0,
"12:32:07AM Nov 19, 2024",96,64,0,0,0,
"12:32:11AM Nov 19, 2024",97,61,0,0,0,
"12:32:15AM Nov 19, 2024",97,61,0,0,0,
"12:32:19AM Nov 19, 2024",96,62,0,0,0,
"12:32:23AM Nov 19, 2024",96,58,0,0,0,
"12:32:27AM Nov 19, 2024",96,56,0,0,0,
"12:32:31AM Nov 19, 2024",96,57,0,0,0,
"12:32:35AM Nov 19, 2024",96,60,0,0,0,
"12:32:39AM Nov 19, 2024",96,64,0,0,0,
"12:32:43AM Nov 19, 2024",96,66,0,0,0,
"12:32:47AM Nov 19, 2024",96,64,0,0,0,
"12:32:51AM Nov 19, 2024",96,62,0,0,0,
"12:32:55AM Nov 19, 2024",96,58,0,0,0,
"12:32:59AM Nov 19, 2024",96,63,0,0,0,
"12:33:03AM Nov 19, 2024",96,60,0,0,0,
"12:33:07AM Nov 19, 2024",97,58,0,0,0,
"12:33:11AM Nov 19, 2024",96,59,0,0,0,
"12:33:15AM Nov 19, 2024",96,64,0,0,0,
"12:33:19AM Nov 19, 2024",96,64,0,0,0,
"12:33:23AM Nov 19, 2024",96,64,2,0,0,
"12:33:27AM Nov 19, 2024",95,55,7,0,0,
"12:33:31AM Nov 19, 2024",94,56,12,0,0,
"12:33:35AM Nov 19, 2024",94,63,0,0,0,
"12:33:39AM Nov 19, 2024",93,80,0,0,0,
"12:33:43AM Nov 19, 2024",94,79,0,0,0,
"12:33:47AM Nov 19, 2024",96,66,0,0,0,
"12:33:51AM Nov 19, 2024",97,59,0,0,0,
"12:33:55AM Nov 19, 2024",97,58,0,0,0,
"12:33:59AM Nov 19, 2024",97,58,0,0,0,
"12:34:03AM Nov 19, 2024",96,59,0,0,0,
"12:34:07AM Nov 19, 2024",96,59,0,0,0,
"12:34:11AM Nov 19, 2024",96,62,0,0,0,
"12:34:15AM Nov 19, 2024",97,62,0,0,0,
"12:34:19AM Nov 19, 2024",97,58,0,0,0,
"12:34:23AM Nov 19, 2024",97,57,0,0,0,
"12:34:27AM Nov 19, 2024",97,60,0,0,0,
"12:34:31AM Nov 19, 2024",97,63,0,0,0,
"12:34:35AM Nov 19, 2024",97,65,0,0,0,
"12:34:39AM Nov 19, 2024",97,66,0,0,0,
"12:34:43AM Nov 19, 2024",97,67,0,0,0,
"12:34:47AM Nov 19, 2024",97,66,0,0,0,
"12:34:51AM Nov 19, 2024",96,63,0,0,0,
"12:34:55AM Nov 19, 2024",96,61,0,0,0,
"12:34:59AM Nov 19, 2024",96,59,0,0,0,
"12:35:03AM Nov 19, 2024",96,62,0,0,0,
"12:35:07AM Nov 19, 2024",96,62,0,0,0,
"12:35:11AM Nov 19, 2024",96,58,0,0,0,
"12:35:15AM Nov 19, 2024",96,55,0,0,0,
"12:35:19AM Nov 19, 2024",96,59,0,0,0,
"12:35:23AM Nov 19, 2024",97,62,0,0,0,
"12:35:27AM Nov 19, 2024",97,63,0,0,0,
"12:35:31AM Nov 19, 2024",96,64,0,0,0,
"12:35:35AM Nov 19, 2024",96,67,0,0,0,
"12:35:39AM Nov 19, 2024",96,68,0,0,0,
"12:35:43AM Nov 19, 2024",95,65,0,0,0,
"12:35:47AM Nov 19, 2024",95,61,0,0,0,
"12:35:51AM Nov 19, 2024",96,64,0,0,0,
"12:35:55AM Nov 19, 2024",96,67,0,0,0,
"12:35:59AM Nov 19, 2024",96,68,0,0,0,
"12:36:03AM Nov 19, 2024",96,65,0,0,0,
"12:36:07AM Nov 19, 2024",96,61,0,0,0,
"12:36:11AM Nov 19, 2024",96,61,0,0,0,
"12:36:15AM Nov 19, 2024",96,66,0,0,0,
"12:36:19AM Nov 19, 2024",96,66,0,0,0,
"12:36:23AM Nov 19, 2024",96,65,0,0,0,
"12:36:27AM Nov 19, 2024",95,65,0,0,0,
"12:36:31AM Nov 19, 2024",95,66,0,0,0,
"12:36:35AM Nov 19, 2024",95,67,0,0,0,
"12:36:39AM Nov 19, 2024",95,68,0,0,0,
"12:36:43AM Nov 19, 2024",95,73,0,0,0,
"12:36:47AM Nov 19, 2024",95,70,0,0,0,
"12:36:51AM Nov 19, 2024",95,63,0,0,0,
"12:36:55AM Nov 19, 2024",95,63,0,0,0,
"12:36:59AM Nov 19, 2024",96,68,0,0,0,
"12:37:03AM Nov 19, 2024",96,68,0,0,0,
"12:37:07AM Nov 19, 2024",96,66,0,0,0,
"12:37:11AM Nov 19, 2024",96,66,0,0,0,
"12:37:15AM Nov 19, 2024",96,68,0,0,0,
"12:37:19AM Nov 19, 2024",96,71,0,0,0,
"12:37:23AM Nov 19, 2024",96,71,0,0,0,
"12:37:27AM Nov 19, 2024",96,68,0,0,0,
"12:37:31AM Nov 19, 2024",96,66,0,0,0,
"12:37:35AM Nov 19, 2024",96,65,0,0,0,
"12:37:39AM Nov 19, 2024",96,67,0,0,0,
"12:37:43AM Nov 19, 2024",95,71,2,0,0,
"12:37:47AM Nov 19, 2024",95,76,0,0,0,
"12:37:51AM Nov 19, 2024",95,71,0,0,0,
"12:37:55AM Nov 19, 2024",95,63,0,0,0,
"12:37:59AM Nov 19, 2024",96,59,0,0,0,
"12:38:03AM Nov 19, 2024",96,59,0,0,0,
"12:38:07AM Nov 19, 2024",97,61,0,0,0,
"12:38:11AM Nov 19, 2024",97,62,0,0,0,
"12:38:15AM Nov 19, 2024",96,62,0,0,0,
"12:38:19AM Nov 19, 2024",96,63,0,0,0,
"12:38:23AM Nov 19, 2024",96,64,0,0,0,
"12:38:27AM Nov 19, 2024",95,65,0,0,0,
"12:38:31AM Nov 19, 2024",96,66,0,0,0,
"12:38:35AM Nov 19, 2024",96,66,0,0,0,
"12:38:39AM Nov 19, 2024",96,67,0,0,0,
"12:38:43AM Nov 19, 2024",96,71,0,0,0,
"12:38:47AM Nov 19, 2024",95,70,1,0,0,
"12:38:51AM Nov 19, 2024",95,68,0,0,0,
"12:38:55AM Nov 19, 2024",94,65,0,0,0,
"12:38:59AM Nov 19, 2024",95,65,0,0,0,
"12:39:03AM Nov 19, 2024",96,65,0,0,0,
"12:39:07AM Nov 19, 2024",97,68,0,0,0,
"12:39:11AM Nov 19, 2024",97,67,0,0,0,
"12:39:15AM Nov 19, 2024",97,62,0,0,0,
"12:39:19AM Nov 19, 2024",97,60,0,0,0,
"12:39:23AM Nov 19, 2024",96,61,0,0,0,
"12:39:27AM Nov 19, 2024",96,65,0,0,0,
"12:39:31AM Nov 19, 2024",96,72,1,0,0,
"12:39:35AM Nov 19, 2024",95,70,0,0,0,
"12:39:39AM Nov 19, 2024",95,69,14,0,0,
"12:39:43AM Nov 19, 2024",95,69,19,0,0,
"12:39:47AM Nov 19, 2024",94,69,2,0,0,
"12:39:51AM Nov 19, 2024",95,77,0,0,0,
"12:39:55AM Nov 19, 2024",96,80,0,0,0,
"12:39:59AM Nov 19, 2024",97,74,0,0,0,
"12:40:03AM Nov 19, 2024",97,67,0,0,0,
"12:40:07AM Nov 19, 2024",97,64,0,0,0,
"12:40:11AM Nov 19, 2024",96,64,0,0,0,
"12:40:15AM Nov 19, 2024",96,61,0,0,0,
"12:40:19AM Nov 19, 2024",96,61,0,0,0,
"12:40:23AM Nov 19, 2024",96,64,0,0,0,
"12:40:27AM Nov 19, 2024",96,63,0,0,0,
"12:40:31AM Nov 19, 2024",96,59,0,0,0,
"12:40:35AM Nov 19, 2024",96,60,0,0,0,
"12:40:39AM Nov 19, 2024",96,61,19,0,0,
"12:40:43AM Nov 19, 2024",96,64,7,0,0,
"12:40:47AM Nov 19, 2024",96,66,0,0,0,
"12:40:51AM Nov 19, 2024",96,69,0,0,0,
"12:40:55AM Nov 19, 2024",97,67,0,0,0,
"12:40:59AM Nov 19, 2024",97,64,0,0,0,
"12:41:03AM Nov 19, 2024",97,63,0,0,0,
"12:41:07AM Nov 19, 2024",97,63,0,0,0,
"12:41:11AM Nov 19, 2024",97,63,0,0,0,
"12:41:15AM Nov 19, 2024",96,64,0,0,0,
"12:41:19AM Nov 19, 2024",96,63,0,0,0,
"12:41:23AM Nov 19, 2024",96,65,0,0,0,
"12:41:27AM Nov 19, 2024",96,72,0,0,0,
"12:41:31AM Nov 19, 2024",96,72,0,0,0,
"12:41:35AM Nov 19, 2024",96,65,0,0,0,
"12:41:39AM Nov 19, 2024",96,60,0,0,0,
"12:41:43AM Nov 19, 2024",97,59,0,0,0,
"12:41:47AM Nov 19, 2024",97,61,0,0,0,
"12:41:51AM Nov 19, 2024",97,66,0,0,0,
"12:41:55AM Nov 19, 2024",96,70,0,0,0,
"12:41:59AM Nov 19, 2024",95,65,0,0,0,
"12:42:03AM Nov 19, 2024",95,59,0,0,0,
"12:42:07AM Nov 19, 2024",96,60,0,0,0,
"12:42:11AM Nov 19, 2024",97,64,0,0,0,
"12:42:15AM Nov 19, 2024",97,64,0,0,0,
"12:42:19AM Nov 19, 2024",96,62,0,0,0,
"12:42:23AM Nov 19, 2024",96,59,0,0,0,
"12:42:27AM Nov 19, 2024",96,60,0,0,0,
"12:42:31AM Nov 19, 2024",96,62,0,0,0,
"12:42:35AM Nov 19, 2024",96,62,0,0,0,
"12:42:39AM Nov 19, 2024",96,62,0,0,0,
"12:42:43AM Nov 19, 2024",95,65,0,0,0,
"12:42:47AM Nov 19, 2024",94,65,0,0,0,
"12:42:51AM Nov 19, 2024",93,58,0,0,0,
"12:42:55AM Nov 19, 2024",93,58,0,0,0,
"12:42:59AM Nov 19, 2024",95,62,0,0,0,
"12:43:03AM Nov 19, 2024",95,69,0,0,0,
"12:43:07AM Nov 19, 2024",94,69,0,0,0,
"12:43:11AM Nov 19, 2024",93,66,0,0,0,
"12:43:15AM Nov 19, 2024",94,64,0,0,0,
"12:43:19AM Nov 19, 2024",96,59,0,0,0,
"12:43:23AM Nov 19, 2024",97,59,0,0,0,
"12:43:27AM Nov 19, 2024",97,63,0,0,0,
"12:43:31AM Nov 19, 2024",96,66,0,0,0,
"12:43:35AM Nov 19, 2024",96,63,0,0,0,
"12:43:39AM Nov 19, 2024",96,57,0,0,0,
"12:43:43AM Nov 19, 2024",96,62,0,0,0,
"12:43:47AM Nov 19, 2024",96,70,0,0,0,
"12:43:51AM Nov 19, 2024",95,69,0,0,0,
"12:43:55AM Nov 19, 2024",95,59,0,0,0,
"12:43:59AM Nov 19, 2024",96,54,0,0,0,
"12:44:03AM Nov 19, 2024",97,58,0,0,0,
"12:44:07AM Nov 19, 2024",97,61,10,0,0,
"12:44:11AM Nov 19, 2024",97,61,8,0,0,
"12:44:15AM Nov 19, 2024",96,63,0,0,0,
"12:44:19AM Nov 19, 2024",96,63,0,0,0,
"12:44:23AM Nov 19, 2024",96,61,0,0,0,
"12:44:27AM Nov 19, 2024",96,60,0,0,0,
"12:44:31AM Nov 19, 2024",97,62,0,0,0,
"12:44:35AM Nov 19, 2024",97,64,0,0,0,
"12:44:39AM Nov 19, 2024",96,61,0,0,0,
"12:44:43AM Nov 19, 2024",96,65,0,0,0,
"12:44:47AM Nov 19, 2024",96,64,0,0,0,
"12:44:51AM Nov 19, 2024",96,55,0,0,0,
"12:44:55AM Nov 19, 2024",96,54,0,0,0,
"12:44:59AM Nov 19, 2024",96,58,0,0,0,
"12:45:03AM Nov 19, 2024",96,60,0,0,0,
"12:45:07AM Nov 19, 2024",96,62,0,0,0,
"12:45:11AM Nov 19, 2024",96,63,0,0,0,
"12:45:15AM Nov 19, 2024",96,63,0,0,0,
"12:45:19AM Nov 19, 2024",96,63,0,0,0,
"12:45:23AM Nov 19, 2024",96,62,0,0,0,
"12:45:27AM Nov 19, 2024",96,63,0,0,0,
"12:45:31AM Nov 19, 2024",96,63,0,0,0,
"12:45:35AM Nov 19, 2024",95,61,0,0,0,
"12:45:39AM Nov 19, 2024",95,59,0,0,0,
"12:45:43AM Nov 19, 2024",96,59,0,0,0,
"12:45:47AM Nov 19, 2024",96,59,0,0,0,
"12:45:51AM Nov 19, 2024",96,60,0,0,0,
"12:45:55AM Nov 19, 2024",96,62,0,0,0,
"12:45:59AM Nov 19, 2024",95,61,0,0,0,
"12:46:03AM Nov 19, 2024",95,58,0,0,0,
"12:46:07AM Nov 19, 2024",96,60,0,0,0,
"12:46:11AM Nov 19, 2024",96,62,0,0,0,
"12:46:15AM Nov 19, 2024",96,63,0,0,0,
"12:46:19AM Nov 19, 2024",96,63,0,0,0,
"12:46:23AM Nov 19, 2024",95,63,0,0,0,
"12:46:27AM Nov 19, 2024",95,63,0,0,0,
"12:46:31AM Nov 19, 2024",95,62,0,0,0,
"12:46:35AM Nov 19, 2024",95,61,0,0,0,
"12:46:39AM Nov 19, 2024",95,61,0,0,0,
"12:46:43AM Nov 19, 2024",95,62,0,0,0,
"12:46:47AM Nov 19, 2024",95,62,0,0,0,
"12:46:51AM Nov 19, 2024",95,62,0,0,0,
"12:46:55AM Nov 19, 2024",95,62,0,0,0,
"12:46:59AM Nov 19, 2024",95,61,0,0,0,
"12:47:03AM Nov 19, 2024",95,60,0,0,0,
"12:47:07AM Nov 19, 2024",95,61,0,0,0,
"12:47:11AM Nov 19, 2024",95,64,0,0,0,
"12:47:15AM Nov 19, 2024",95,62,0,0,0,
"12:47:19AM Nov 19, 2024",94,61,0,0,0,
"12:47:23AM Nov 19, 2024",95,63,0,0,0,
"12:47:27AM Nov 19, 2024",94,63,0,0,0,
"12:47:31AM Nov 19, 2024",94,64,0,0,0,
"12:47:35AM Nov 19, 2024",93,70,0,0,0,
"12:47:39AM Nov 19, 2024",93,70,0,0,0,
"12:47:43AM Nov 19, 2024",93,59,0,0,0,
"12:47:47AM Nov 19, 2024",94,56,0,0,0,
"12:47:51AM Nov 19, 2024",96,57,0,0,0,
"12:47:55AM Nov 19, 2024",97,59,0,0,0,
"12:47:59AM Nov 19, 2024",97,60,0,0,0,
"12:48:03AM Nov 19, 2024",96,62,0,0,0,
"12:48:07AM Nov 19, 2024",96,63,0,0,0,
"12:48:11AM Nov 19, 2024",95,65,0,0,0,
"12:48:15AM Nov 19, 2024",95,65,0,0,0,
"12:48:19AM Nov 19, 2024",95,63,0,0,0,
"12:48:23AM Nov 19, 2024",95,63,0,0,0,
"12:48:27AM Nov 19, 2024",95,62,0,0,0,
"12:48:31AM Nov 19, 2024",95,62,0,0,0,
"12:48:35AM Nov 19, 2024",95,62,0,0,0,
"12:48:39AM Nov 19, 2024",96,62,0,0,0,
"12:48:43AM Nov 19, 2024",96,62,0,0,0,
"12:48:47AM Nov 19, 2024",96,63,0,0,0,
"12:48:51AM Nov 19, 2024",95,61,0,0,0,
"12:48:55AM Nov 19, 2024",95,61,0,0,0,
"12:48:59AM Nov 19, 2024",96,63,0,0,0,
"12:49:03AM Nov 19, 2024",96,64,0,0,0,
"12:49:07AM Nov 19, 2024",95,64,0,0,0,
"12:49:11AM Nov 19, 2024",94,62,0,0,0,
"12:49:15AM Nov 19, 2024",94,62,0,0,0,
"12:49:19AM Nov 19, 2024",95,63,0,0,0,
"12:49:23AM Nov 19, 2024",95,63,0,0,0,
"12:49:27AM Nov 19, 2024",95,67,0,0,0,
"12:49:31AM Nov 19, 2024",94,67,0,0,0,
"12:49:35AM Nov 19, 2024",94,72,0,0,0,
"12:49:39AM Nov 19, 2024",94,79,0,0,0,
"12:49:43AM Nov 19, 2024",95,82,8,0,0,
"12:49:47AM Nov 19, 2024",96,87,1,0,0,
"12:49:51AM Nov 19, 2024",97,90,0,0,0,
"12:49:55AM Nov 19, 2024",97,88,0,0,0,
"12:49:59AM Nov 19, 2024",96,77,0,0,0,
"12:50:03AM Nov 19, 2024",96,62,0,0,0,
"12:50:07AM Nov 19, 2024",96,59,0,0,0,
"12:50:11AM Nov 19, 2024",96,60,0,0,0,
"12:50:15AM Nov 19, 2024",96,60,0,0,0,
"12:50:19AM Nov 19, 2024",96,58,0,0,0,
"12:50:23AM Nov 19, 2024",97,58,0,0,0,
"12:50:27AM Nov 19, 2024",97,58,0,0,0,
"12:50:31AM Nov 19, 2024",97,57,0,0,0,
"12:50:35AM Nov 19, 2024",96,58,0,0,0,
"12:50:39AM Nov 19, 2024",96,59,0,0,0,
"12:50:43AM Nov 19, 2024",97,60,0,0,0,
"12:50:47AM Nov 19, 2024",96,59,0,0,0,
"12:50:51AM Nov 19, 2024",96,58,0,0,0,
"12:50:55AM Nov 19, 2024",96,59,0,0,0,
"12:50:59AM Nov 19, 2024",96,60,0,0,0,
"12:51:03AM Nov 19, 2024",96,60,0,0,0,
"12:51:07AM Nov 19, 2024",96,60,0,0,0,
"12:51:11AM Nov 19, 2024",96,62,0,0,0,
"12:51:15AM Nov 19, 2024",96,61,0,0,0,
"12:51:19AM Nov 19, 2024",96,59,0,0,0,
"12:51:23AM Nov 19, 2024",96,59,0,0,0,
"12:51:27AM Nov 19, 2024",96,60,0,0,0,
"12:51:31AM Nov 19, 2024",96,61,0,0,0,
"12:51:35AM Nov 19, 2024",96,62,0,0,0,
"12:51:39AM Nov 19, 2024",96,61,0,0,0,
"12:51:43AM Nov 19, 2024",96,60,0,0,0,
"12:51:47AM Nov 19, 2024",96,61,0,0,0,
"12:51:51AM Nov 19, 2024",96,62,0,0,0,
"12:51:55AM Nov 19, 2024",96,63,0,0,0,
"12:51:59AM Nov 19, 2024",95,62,0,0,0,
"12:52:03AM Nov 19, 2024",95,62,0,0,0,
"12:52:07AM Nov 19, 2024",96,62,0,0,0,
"12:52:11AM Nov 19, 2024",96,61,0,0,0,
"12:52:15AM Nov 19, 2024",96,61,0,0,0,
"12:52:19AM Nov 19, 2024",96,62,0,0,0,
"12:52:23AM Nov 19, 2024",96,61,0,0,0,
"12:52:27AM Nov 19, 2024",96,61,0,0,0,
"12:52:31AM Nov 19, 2024",96,63,0,0,0,
"12:52:35AM Nov 19, 2024",96,65,0,0,0,
"12:52:39AM Nov 19, 2024",96,67,0,0,0,
"12:52:43AM Nov 19, 2024",96,66,0,0,0,
"12:52:47AM Nov 19, 2024",96,62,0,0,0,
"12:52:51AM Nov 19, 2024",95,60,0,0,0,
"12:52:55AM Nov 19, 2024",96,61,0,0,0,
"12:52:59AM Nov 19, 2024",96,62,0,0,0,
"12:53:03AM Nov 19, 2024",96,63,0,0,0,
"12:53:07AM Nov 19, 2024",96,64,0,0,0,
"12:53:11AM Nov 19, 2024",96,64,0,0,0,
"12:53:15AM Nov 19, 2024",96,66,0,0,0,
"12:53:19AM Nov 19, 2024",96,65,0,0,0,
"12:53:23AM Nov 19, 2024",96,63,0,0,0,
"12:53:27AM Nov 19, 2024",96,64,0,0,0,
"12:53:31AM Nov 19, 2024",96,63,0,0,0,
"12:53:35AM Nov 19, 2024",95,63,0,0,0,
"12:53:39AM Nov 19, 2024",95,62,0,0,0,
"12:53:43AM Nov 19, 2024",95,61,0,0,0,
"12:53:47AM Nov 19, 2024",96,62,0,0,0,
"12:53:51AM Nov 19, 2024",95,64,0,0,0,
"12:53:55AM Nov 19, 2024",95,63,0,0,0,
"12:53:59AM Nov 19, 2024",95,62,0,0,0,
"12:54:03AM Nov 19, 2024",95,63,0,0,0,
"12:54:07AM Nov 19, 2024",95,63,0,0,0,
"12:54:11AM Nov 19, 2024",96,63,0,0,0,
"12:54:15AM Nov 19, 2024",95,64,0,0,0,
"12:54:19AM Nov 19, 2024",95,65,0,0,0,
"12:54:23AM Nov 19, 2024",95,65,0,0,0,
"12:54:27AM Nov 19, 2024",95,64,0,0,0,
"12:54:31AM Nov 19, 2024",95,64,0,0,0,
"12:54:35AM Nov 19, 2024",95,64,0,0,0,
"12:54:39AM Nov 19, 2024",96,65,0,0,0,
"12:54:43AM Nov 19, 2024",96,65,0,0,0,
"12:54:47AM Nov 19, 2024",96,64,0,0,0,
"12:54:51AM Nov 19, 2024",96,64,0,0,0,
"12:54:55AM Nov 19, 2024",96,64,0,0,0,
"12:54:59AM Nov 19, 2024",96,65,0,0,0,
"12:55:03AM Nov 19, 2024",95,66,0,0,0,
"12:55:07AM Nov 19, 2024",95,65,0,0,0,
"12:55:11AM Nov 19, 2024",95,64,0,0,0,
"12:55:15AM Nov 19, 2024",95,65,0,0,0,
"12:55:19AM Nov 19, 2024",95,65,0,0,0,
"12:55:23AM Nov 19, 2024",95,63,0,0,0,
"12:55:27AM Nov 19, 2024",95,63,0,0,0,
"12:55:31AM Nov 19, 2024",96,63,0,0,0,
"12:55:35AM Nov 19, 2024",96,64,0,0,0,
"12:55:39AM Nov 19, 2024",95,63,0,0,0,
"12:55:43AM Nov 19, 2024",96,63,0,0,0,
"12:55:47AM Nov 19, 2024",96,63,0,0,0,
"12:55:51AM Nov 19, 2024",96,63,0,0,0,
"12:55:55AM Nov 19, 2024",96,65,0,0,0,
"12:55:59AM Nov 19, 2024",96,67,0,0,0,
"12:56:03AM Nov 19, 2024",95,66,0,0,0,
"12:56:07AM Nov 19, 2024",95,64,0,0,0,
"12:56:11AM Nov 19, 2024",96,63,0,0,0,
"12:56:15AM Nov 19, 2024",96,64,0,0,0,
"12:56:19AM Nov 19, 2024",96,66,0,0,0,
"12:56:23AM Nov 19, 2024",96,67,0,0,0,
"12:56:27AM Nov 19, 2024",95,67,0,0,0,
"12:56:31AM Nov 19, 2024",95,64,0,0,0,
"12:56:35AM Nov 19, 2024",96,63,0,0,0,
"12:56:39AM Nov 19, 2024",95,63,0,0,0,
"12:56:43AM Nov 19, 2024",95,63,0,0,0,
"12:56:47AM Nov 19, 2024",95,64,0,0,0,
"12:56:51AM Nov 19, 2024",95,64,0,0,0,
"12:56:55AM Nov 19, 2024",95,64,0,0,0,
"12:56:59AM Nov 19, 2024",95,64,0,0,0,
"12:57:03AM Nov 19, 2024",96,65,0,0,0,
"12:57:07AM Nov 19, 2024",96,66,0,0,0,
"12:57:11AM Nov 19, 2024",96,68,0,0,0,
"12:57:15AM Nov 19, 2024",95,66,0,0,0,
"12:57:19AM Nov 19, 2024",95,64,0,0,0,
"12:57:23AM Nov 19, 2024",95,65,0,0,0,
"12:57:27AM Nov 19, 2024",96,67,0,0,0,
"12:57:31AM Nov 19, 2024",96,66,0,0,0,
"12:57:35AM Nov 19, 2024",96,66,0,0,0,
"12:57:39AM Nov 19, 2024",95,66,0,0,0,
"12:57:43AM Nov 19, 2024",95,65,0,0,0,
"12:57:47AM Nov 19, 2024",95,65,0,0,0,
"12:57:51AM Nov 19, 2024",95,65,0,0,0,
"12:57:55AM Nov 19, 2024",96,65,0,0,0,
"12:57:59AM Nov 19, 2024",96,66,0,0,0,
"12:58:03AM Nov 19, 2024",96,67,0,0,0,
"12:58:07AM Nov 19, 2024",96,68,0,0,0,
"12:58:11AM Nov 19, 2024",95,66,0,0,0,
"12:58:15AM Nov 19, 2024",95,63,0,0,0,
"12:58:19AM Nov 19, 2024",96,63,0,0,0,
"12:58:23AM Nov 19, 2024",96,65,0,0,0,
"12:58:27AM Nov 19, 2024",96,66,0,0,0,
"12:58:31AM Nov 19, 2024",96,66,0,0,0,
"12:58:35AM Nov 19, 2024",95,67,0,0,0,
"12:58:39AM Nov 19, 2024",95,66,0,0,0,
"12:58:43AM Nov 19, 2024",95,65,0,0,0,
"12:58:47AM Nov 19, 2024",95,64,0,0,0,
"12:58:51AM Nov 19, 2024",95,63,0,0,0,
"12:58:55AM Nov 19, 2024",95,65,0,0,0,
"12:58:59AM Nov 19, 2024",95,65,0,0,0,
"12:59:03AM Nov 19, 2024",95,63,0,0,0,
"12:59:07AM Nov 19, 2024",95,63,0,0,0,
"12:59:11AM Nov 19, 2024",95,63,0,0,0,
"12:59:15AM Nov 19, 2024",95,64,0,0,0,
"12:59:19AM Nov 19, 2024",95,64,0,0,0,
"12:59:23AM Nov 19, 2024",96,66,0,0,0,
"12:59:27AM Nov 19, 2024",95,66,0,0,0,
"12:59:31AM Nov 19, 2024",95,64,0,0,0,
"12:59:35AM Nov 19, 2024",95,64,0,0,0,
"12:59:39AM Nov 19, 2024",96,65,0,0,0,
"12:59:43AM Nov 19, 2024",96,66,0,0,0,
"12:59:47AM Nov 19, 2024",96,66,0,0,0,
"12:59:51AM Nov 19, 2024",96,65,0,0,0,
"12:59:55AM Nov 19, 2024",96,65,0,0,0,
"12:59:59AM Nov 19, 2024",95,65,0,0,0,
"01:00:03AM Nov 19, 2024",95,64,0,0,0,
"01:00:07AM Nov 19, 2024",95,65,0,0,0,
"01:00:11AM Nov 19, 2024",95,65,0,0,0,
"01:00:15AM Nov 19, 2024",95,65,0,0,0,
"01:00:19AM Nov 19, 2024",95,66,0,0,0,
"01:00:23AM Nov 19, 2024",95,65,0,0,0,
"01:00:27AM Nov 19, 2024",95,65,0,0,0,
"01:00:31AM Nov 19, 2024",95,64,0,0,0,
"01:00:35AM Nov 19, 2024",96,64,0,0,0,
"01:00:39AM Nov 19, 2024",96,66,0,0,0,
"01:00:43AM Nov 19, 2024",96,66,0,0,0,
"01:00:47AM Nov 19, 2024",95,63,0,0,0,
"01:00:51AM Nov 19, 2024",95,62,0,0,0,
"01:00:55AM Nov 19, 2024",96,63,0,0,0,
"01:00:59AM Nov 19, 2024",96,66,0,0,0,
"01:01:03AM Nov 19, 2024",95,66,0,0,0,
"01:01:07AM Nov 19, 2024",95,66,0,0,0,
"01:01:11AM Nov 19, 2024",96,66,0,0,0,
"01:01:15AM Nov 19, 2024",95,66,0,0,0,
"01:01:19AM Nov 19, 2024",95,65,0,0,0,
"01:01:23AM Nov 19, 2024",95,65,0,0,0,
"01:01:27AM Nov 19, 2024",96,64,0,0,0,
"01:01:31AM Nov 19, 2024",96,65,0,0,0,
"01:01:35AM Nov 19, 2024",95,67,0,0,0,
"01:01:39AM Nov 19, 2024",95,67,0,0,0,
"01:01:43AM Nov 19, 2024",94,65,0,0,0,
"01:01:47AM Nov 19, 2024",95,63,0,0,0,
"01:01:51AM Nov 19, 2024",95,63,0,0,0,
"01:01:55AM Nov 19, 2024",95,65,0,0,0,
"01:01:59AM Nov 19, 2024",96,67,0,0,0,
"01:02:03AM Nov 19, 2024",95,67,0,0,0,
"01:02:07AM Nov 19, 2024",95,65,0,0,0,
"01:02:11AM Nov 19, 2024",95,64,0,0,0,
"01:02:15AM Nov 19, 2024",96,66,0,0,0,
"01:02:19AM Nov 19, 2024",96,66,0,0,0,
"01:02:23AM Nov 19, 2024",96,64,0,0,0,
"01:02:27AM Nov 19, 2024",96,64,0,0,0,
"01:02:31AM Nov 19, 2024",95,65,0,0,0,
"01:02:35AM Nov 19, 2024",95,63,0,0,0,
"01:02:39AM Nov 19, 2024",95,62,0,0,0,
"01:02:43AM Nov 19, 2024",96,64,0,0,0,
"01:02:47AM Nov 19, 2024",96,65,0,0,0,
"01:02:51AM Nov 19, 2024",96,66,0,0,0,
"01:02:55AM Nov 19, 2024",96,67,0,0,0,
"01:02:59AM Nov 19, 2024",95,66,0,0,0,
"01:03:03AM Nov 19, 2024",95,65,0,0,0,
"01:03:07AM Nov 19, 2024",95,66,0,0,0,
"01:03:11AM Nov 19, 2024",95,66,0,0,0,
"01:03:15AM Nov 19, 2024",95,64,0,0,0,
"01:03:19AM Nov 19, 2024",95,64,0,0,0,
"01:03:23AM Nov 19, 2024",95,64,0,0,0,
"01:03:27AM Nov 19, 2024",96,65,0,0,0,
"01:03:31AM Nov 19, 2024",96,66,0,0,0,
"01:03:35AM Nov 19, 2024",96,66,0,0,0,
"01:03:39AM Nov 19, 2024",96,67,0,0,0,
"01:03:43AM Nov 19, 2024",96,65,0,0,0,
"01:03:47AM Nov 19, 2024",95,65,0,0,0,
"01:03:51AM Nov 19, 2024",95,65,0,0,0,
"01:03:55AM Nov 19, 2024",95,65,0,0,0,
"01:03:59AM Nov 19, 2024",95,65,0,0,0,
"01:04:03AM Nov 19, 2024",95,66,0,0,0,
"01:04:07AM Nov 19, 2024",95,66,0,0,0,
"01:04:11AM Nov 19, 2024",96,67,0,0,0,
"01:04:15AM Nov 19, 2024",96,67,0,0,0,
"01:04:19AM Nov 19, 2024",96,65,0,0,0,
"01:04:23AM Nov 19, 2024",95,64,0,0,0,
"01:04:27AM Nov 19, 2024",95,66,0,0,0,
"01:04:31AM Nov 19, 2024",95,64,0,0,0,
"01:04:35AM Nov 19, 2024",95,64,0,0,0,
"01:04:39AM Nov 19, 2024",95,65,0,0,0,
"01:04:43AM Nov 19, 2024",95,66,0,0,0,
"01:04:47AM Nov 19, 2024",95,65,0,0,0,
"01:04:51AM Nov 19, 2024",95,66,0,0,0,
"01:04:55AM Nov 19, 2024",95,66,0,0,0,
"01:04:59AM Nov 19, 2024",95,65,0,0,0,
"01:05:03AM Nov 19, 2024",96,67,0,0,0,
"01:05:07AM Nov 19, 2024",96,67,0,0,0,
"01:05:11AM Nov 19, 2024",96,67,0,0,0,
"01:05:15AM Nov 19, 2024",96,67,0,0,0,
"01:05:19AM Nov 19, 2024",95,66,0,0,0,
"01:05:23AM Nov 19, 2024",95,66,0,0,0,
"01:05:27AM Nov 19, 2024",95,64,0,0,0,
"01:05:31AM Nov 19, 2024",95,65,0,0,0,
"01:05:35AM Nov 19, 2024",95,66,0,0,0,
"01:05:39AM Nov 19, 2024",95,64,0,0,0,
"01:05:43AM Nov 19, 2024",95,66,0,0,0,
"01:05:47AM Nov 19, 2024",96,68,0,0,0,
"01:05:51AM Nov 19, 2024",95,67,0,0,0,
"01:05:55AM Nov 19, 2024",95,65,0,0,0,
"01:05:59AM Nov 19, 2024",95,65,0,0,0,
"01:06:03AM Nov 19, 2024",95,66,0,0,0,
"01:06:07AM Nov 19, 2024",95,72,1,0,0,
"01:06:11AM Nov 19, 2024",95,72,13,0,0,
"01:06:15AM Nov 19, 2024",95,75,0,0,0,
"01:06:19AM Nov 19, 2024",94,84,0,0,0,
"01:06:23AM Nov 19, 2024",95,76,0,0,0,
"01:06:27AM Nov 19, 2024",96,66,0,0,0,
"01:06:31AM Nov 19, 2024",96,63,0,0,0,
"01:06:35AM Nov 19, 2024",94,69,0,0,0,
"01:06:39AM Nov 19, 2024",92,73,0,0,0,
"01:06:43AM Nov 19, 2024",90,67,0,0,0,
"01:06:47AM Nov 19, 2024",93,59,0,0,0,
"01:06:51AM Nov 19, 2024",96,57,0,0,0,
"01:06:55AM Nov 19, 2024",96,59,0,0,0,
"01:06:59AM Nov 19, 2024",96,61,0,0,0,
"01:07:03AM Nov 19, 2024",96,61,0,0,0,
"01:07:07AM Nov 19, 2024",96,63,0,0,0,
"01:07:11AM Nov 19, 2024",96,62,0,0,0,
"01:07:15AM Nov 19, 2024",96,60,0,0,0,
"01:07:19AM Nov 19, 2024",96,61,0,0,0,
"01:07:23AM Nov 19, 2024",96,63,0,0,0,
"01:07:27AM Nov 19, 2024",96,63,0,0,0,
"01:07:31AM Nov 19, 2024",96,63,0,0,0,
"01:07:35AM Nov 19, 2024",96,65,0,0,0,
"01:07:39AM Nov 19, 2024",96,65,0,0,0,
"01:07:43AM Nov 19, 2024",95,64,0,0,0,
"01:07:47AM Nov 19, 2024",95,63,0,0,0,
"01:07:51AM Nov 19, 2024",96,65,0,0,0,
"01:07:55AM Nov 19, 2024",96,66,0,0,0,
"01:07:59AM Nov 19, 2024",96,66,0,0,0,
"01:08:03AM Nov 19, 2024",95,67,0,0,0,
"01:08:07AM Nov 19, 2024",95,66,0,0,0,
"01:08:11AM Nov 19, 2024",95,63,0,0,0,
"01:08:15AM Nov 19, 2024",95,63,0,0,0,
"01:08:19AM Nov 19, 2024",96,66,0,0,0,
"01:08:23AM Nov 19, 2024",96,67,0,0,0,
"01:08:27AM Nov 19, 2024",95,65,0,0,0,
"01:08:31AM Nov 19, 2024",95,65,0,0,0,
"01:08:35AM Nov 19, 2024",95,66,0,0,0,
"01:08:39AM Nov 19, 2024",95,67,0,0,0,
"01:08:43AM Nov 19, 2024",95,65,0,0,0,
"01:08:47AM Nov 19, 2024",94,64,0,0,0,
"01:08:51AM Nov 19, 2024",94,64,0,0,0,
"01:08:55AM Nov 19, 2024",94,66,0,0,0,
"01:08:59AM Nov 19, 2024",94,66,0,0,0,
"01:09:03AM Nov 19, 2024",94,64,0,0,0,
"01:09:07AM Nov 19, 2024",95,65,0,0,0,
"01:09:11AM Nov 19, 2024",95,66,0,0,0,
"01:09:15AM Nov 19, 2024",95,66,0,0,0,
"01:09:19AM Nov 19, 2024",94,67,0,0,0,
"01:09:23AM Nov 19, 2024",93,65,0,0,0,
"01:09:27AM Nov 19, 2024",93,64,0,0,0,
"01:09:31AM Nov 19, 2024",93,66,0,0,0,
"01:09:35AM Nov 19, 2024",93,66,0,0,0,
"01:09:39AM Nov 19, 2024",93,64,0,0,0,
"01:09:43AM Nov 19, 2024",93,65,0,0,0,
"01:09:47AM Nov 19, 2024",93,66,0,0,0,
"01:09:51AM Nov 19, 2024",93,65,0,0,0,
"01:09:55AM Nov 19, 2024",94,65,0,0,0,
"01:09:59AM Nov 19, 2024",94,66,0,0,0,
"01:10:03AM Nov 19, 2024",93,67,0,0,0,
"01:10:07AM Nov 19, 2024",93,67,0,0,0,
"01:10:11AM Nov 19, 2024",93,66,0,0,0,
"01:10:15AM Nov 19, 2024",93,66,0,0,0,
"01:10:19AM Nov 19, 2024",93,67,0,0,0,
"01:10:23AM Nov 19, 2024",93,67,0,0,0,
"01:10:27AM Nov 19, 2024",93,68,0,0,0,
"01:10:31AM Nov 19, 2024",93,68,0,0,0,
"01:10:35AM Nov 19, 2024",92,68,14,0,0,
"01:10:39AM Nov 19, 2024",92,71,40,0,0,
"01:10:43AM Nov 19, 2024",92,81,0,0,0,
"01:10:47AM Nov 19, 2024",94,82,0,0,0,
"01:10:51AM Nov 19, 2024",96,72,0,0,0,
"01:10:55AM Nov 19, 2024",97,63,0,0,0,
"01:10:59AM Nov 19, 2024",96,59,0,0,0,
"01:11:03AM Nov 19, 2024",96,63,0,0,0,
"01:11:07AM Nov 19, 2024",96,64,13,0,0,
"01:11:11AM Nov 19, 2024",95,65,0,0,0,
"01:11:15AM Nov 19, 2024",95,68,0,0,0,
"01:11:19AM Nov 19, 2024",96,72,0,0,0,
"01:11:23AM Nov 19, 2024",97,75,0,0,0,
"01:11:27AM Nov 19, 2024",97,71,0,0,0,
"01:11:31AM Nov 19, 2024",97,64,0,0,0,
"01:11:35AM Nov 19, 2024",97,59,0,0,0,
"01:11:39AM Nov 19, 2024",97,60,0,0,0,
"01:11:43AM Nov 19, 2024",97,62,0,0,0,
"01:11:47AM Nov 19, 2024",96,65,0,0,0,
"01:11:51AM Nov 19, 2024",96,67,0,0,0,
"01:11:55AM Nov 19, 2024",96,66,0,0,0,
"01:11:59AM Nov 19, 2024",96,65,0,0,0,
"01:12:03AM Nov 19, 2024",96,64,0,0,0,
"01:12:07AM Nov 19, 2024",96,63,0,0,0,
"01:12:11AM Nov 19, 2024",96,63,0,0,0,
"01:12:15AM Nov 19, 2024",96,63,0,0,0,
"01:12:19AM Nov 19, 2024",96,64,0,0,0,
"01:12:23AM Nov 19, 2024",96,64,0,0,0,
"01:12:27AM Nov 19, 2024",96,65,0,0,0,
"01:12:31AM Nov 19, 2024",96,65,0,0,0,
"01:12:35AM Nov 19, 2024",96,66,0,0,0,
"01:12:39AM Nov 19, 2024",96,66,0,0,0,
"01:12:43AM Nov 19, 2024",95,64,0,0,0,
"01:12:47AM Nov 19, 2024",95,62,0,0,0,
"01:12:51AM Nov 19, 2024",96,64,0,0,0,
"01:12:55AM Nov 19, 2024",96,65,0,0,0,
"01:12:59AM Nov 19, 2024",96,65,0,0,0,
"01:13:03AM Nov 19, 2024",96,65,0,0,0,
"01:13:07AM Nov 19, 2024",95,67,0,0,0,
"01:13:11AM Nov 19, 2024",95,68,0,0,0,
"01:13:15AM Nov 19, 2024",95,67,0,0,0,
"01:13:19AM Nov 19, 2024",95,67,0,0,0,
"01:13:23AM Nov 19, 2024",95,67,0,0,0,
"01:13:27AM Nov 19, 2024",95,65,0,0,0,
"01:13:31AM Nov 19, 2024",95,65,0,0,0,
"01:13:35AM Nov 19, 2024",95,66,0,0,0,
"01:13:39AM Nov 19, 2024",95,67,0,0,0,
"01:13:43AM Nov 19, 2024",95,68,0,0,0,
"01:13:47AM Nov 19, 2024",95,69,0,0,0,
"01:13:51AM Nov 19, 2024",94,66,0,0,0,
"01:13:55AM Nov 19, 2024",94,64,0,0,0,
"01:13:59AM Nov 19, 2024",95,64,0,0,0,
"01:14:03AM Nov 19, 2024",95,65,0,0,0,
"01:14:07AM Nov 19, 2024",94,66,0,0,0,
"01:14:11AM Nov 19, 2024",94,68,0,0,0,
"01:14:15AM Nov 19, 2024",94,68,0,0,0,
"01:14:19AM Nov 19, 2024",94,67,0,0,0,
"01:14:23AM Nov 19, 2024",94,66,0,0,0,
"01:14:27AM Nov 19, 2024",94,67,0,0,0,
"01:14:31AM Nov 19, 2024",94,67,0,0,0,
"01:14:35AM Nov 19, 2024",94,67,0,0,0,
"01:14:39AM Nov 19, 2024",94,67,0,0,0,
"01:14:43AM Nov 19, 2024",94,68,0,0,0,
"01:14:47AM Nov 19, 2024",94,68,0,0,0,
"01:14:51AM Nov 19, 2024",94,69,0,0,0,
"01:14:55AM Nov 19, 2024",93,70,0,0,0,
"01:14:59AM Nov 19, 2024",93,69,0,0,0,
"01:15:03AM Nov 19, 2024",92,68,0,0,0,
"01:15:07AM Nov 19, 2024",92,71,0,0,0,
"01:15:11AM Nov 19, 2024",92,70,0,0,0,
"01:15:15AM Nov 19, 2024",92,66,0,0,0,
"01:15:19AM Nov 19, 2024",95,67,0,0,0,
"01:15:23AM Nov 19, 2024",96,73,0,0,0,
"01:15:27AM Nov 19, 2024",96,79,0,0,0,
"01:15:31AM Nov 19, 2024",96,81,8,0,0,
"01:15:35AM Nov 19, 2024",96,82,0,0,0,
"01:15:39AM Nov 19, 2024",96,87,0,0,0,
"01:15:43AM Nov 19, 2024",97,77,0,0,0,
"01:15:47AM Nov 19, 2024",97,64,0,0,0,
"01:15:51AM Nov 19, 2024",97,60,0,0,0,
"01:15:55AM Nov 19, 2024",96,59,0,0,0,
"01:15:59AM Nov 19, 2024",96,64,0,0,0,
"01:16:03AM Nov 19, 2024",95,63,0,0,0,
"01:16:07AM Nov 19, 2024",95,58,0,0,0,
"01:16:11AM Nov 19, 2024",96,59,0,0,0,
"01:16:15AM Nov 19, 2024",96,62,0,0,0,
"01:16:19AM Nov 19, 2024",96,68,0,0,0,
"01:16:23AM Nov 19, 2024",95,75,0,0,0,
"01:16:27AM Nov 19, 2024",94,68,0,0,0,
"01:16:31AM Nov 19, 2024",96,58,0,0,0,
"01:16:35AM Nov 19, 2024",97,58,0,0,0,
"01:16:39AM Nov 19, 2024",97,60,0,0,0,
"01:16:43AM Nov 19, 2024",97,62,0,0,0,
"01:16:47AM Nov 19, 2024",97,63,0,0,0,
"01:16:51AM Nov 19, 2024",97,62,0,0,0,
"01:16:55AM Nov 19, 2024",96,62,0,0,0,
"01:16:59AM Nov 19, 2024",96,64,0,0,0,
"01:17:03AM Nov 19, 2024",96,66,0,0,0,
"01:17:07AM Nov 19, 2024",96,66,0,0,0,
"01:17:11AM Nov 19, 2024",95,63,0,0,0,
"01:17:15AM Nov 19, 2024",95,64,0,0,0,
"01:17:19AM Nov 19, 2024",95,67,0,0,0,
"01:17:23AM Nov 19, 2024",95,67,0,0,0,
"01:17:27AM Nov 19, 2024",94,69,0,0,0,
"01:17:31AM Nov 19, 2024",93,75,1,0,0,
"01:17:35AM Nov 19, 2024",93,77,0,0,0,
"01:17:39AM Nov 19, 2024",95,66,0,0,0,
"01:17:43AM Nov 19, 2024",96,60,0,0,0,
"01:17:47AM Nov 19, 2024",97,62,0,0,0,
"01:17:51AM Nov 19, 2024",96,66,0,0,0,
"01:17:55AM Nov 19, 2024",96,67,0,0,0,
"01:17:59AM Nov 19, 2024",95,65,0,0,0,
"01:18:03AM Nov 19, 2024",94,63,0,0,0,
"01:18:07AM Nov 19, 2024",93,66,0,0,0,
"01:18:11AM Nov 19, 2024",93,67,0,0,0,
"01:18:15AM Nov 19, 2024",93,65,0,0,0,
"01:18:19AM Nov 19, 2024",93,64,0,0,0,
"01:18:23AM Nov 19, 2024",94,64,0,0,0,
"01:18:27AM Nov 19, 2024",93,66,0,0,0,
"01:18:31AM Nov 19, 2024",93,65,0,0,0,
"01:18:35AM Nov 19, 2024",92,64,0,0,0,
"01:18:39AM Nov 19, 2024",93,65,0,0,0,
"01:18:43AM Nov 19, 2024",93,64,0,0,0,
"01:18:47AM Nov 19, 2024",94,67,0,0,0,
"01:18:51AM Nov 19, 2024",95,68,0,0,0,
"01:18:55AM Nov 19, 2024",95,67,0,0,0,
"01:18:59AM Nov 19, 2024",95,66,0,0,0,
"01:19:03AM Nov 19, 2024",95,66,0,0,0,
"01:19:07AM Nov 19, 2024",94,66,0,0,0,
"01:19:11AM Nov 19, 2024",94,66,0,0,0,
"01:19:15AM Nov 19, 2024",94,65,0,0,0,
"01:19:19AM Nov 19, 2024",94,65,0,0,0,
"01:19:23AM Nov 19, 2024",94,67,0,0,0,
"01:19:27AM Nov 19, 2024",94,67,0,0,0,
"01:19:31AM Nov 19, 2024",94,67,0,0,0,
"01:19:35AM Nov 19, 2024",94,69,0,0,0,
"01:19:39AM Nov 19, 2024",94,69,0,0,0,
"01:19:43AM Nov 19, 2024",94,70,0,0,0,
"01:19:47AM Nov 19, 2024",94,70,0,0,0,
"01:19:51AM Nov 19, 2024",94,69,0,0,0,
"01:19:55AM Nov 19, 2024",94,67,0,0,0,
"01:19:59AM Nov 19, 2024",94,68,0,0,0,
"01:20:03AM Nov 19, 2024",94,69,0,0,0,
"01:20:07AM Nov 19, 2024",94,69,0,0,0,
"01:20:11AM Nov 19, 2024",93,69,0,0,0,
"01:20:15AM Nov 19, 2024",93,70,0,0,0,
"01:20:19AM Nov 19, 2024",92,70,0,0,0,
"01:20:23AM Nov 19, 2024",92,70,1,0,0,
"01:20:27AM Nov 19, 2024",91,77,0,0,0,
"01:20:31AM Nov 19, 2024",92,84,0,0,0,
"01:20:35AM Nov 19, 2024",92,84,64,0,0,
"01:20:39AM Nov 19, 2024",92,84,27,0,0,
"01:20:43AM Nov 19, 2024",93,86,24,0,0,
"01:20:47AM Nov 19, 2024",95,88,13,0,0,
"01:20:51AM Nov 19, 2024",97,97,0,0,0,
"01:20:55AM Nov 19, 2024",97,94,0,0,0,
"01:20:59AM Nov 19, 2024",97,77,0,0,0,
"01:21:03AM Nov 19, 2024",97,66,0,0,0,
"01:21:07AM Nov 19, 2024",96,63,0,0,0,
"01:21:11AM Nov 19, 2024",96,59,0,0,0,
"01:21:15AM Nov 19, 2024",96,59,0,0,0,
"01:21:19AM Nov 19, 2024",97,59,0,0,0,
"01:21:23AM Nov 19, 2024",97,58,0,0,0,
"01:21:27AM Nov 19, 2024",97,60,0,0,0,
"01:21:31AM Nov 19, 2024",97,61,0,0,0,
"01:21:35AM Nov 19, 2024",97,57,0,0,0,
"01:21:39AM Nov 19, 2024",97,59,0,0,0,
"01:21:43AM Nov 19, 2024",97,60,0,0,0,
"01:21:47AM Nov 19, 2024",97,59,0,0,0,
"01:21:51AM Nov 19, 2024",96,61,0,0,0,
"01:21:55AM Nov 19, 2024",96,67,0,0,0,
"01:21:59AM Nov 19, 2024",96,72,0,0,0,
"01:22:03AM Nov 19, 2024",96,65,0,0,0,
"01:22:07AM Nov 19, 2024",96,55,0,0,0,
"01:22:11AM Nov 19, 2024",96,57,0,0,0,
"01:22:15AM Nov 19, 2024",97,59,0,0,0,
"01:22:19AM Nov 19, 2024",97,57,0,0,0,
"01:22:23AM Nov 19, 2024",96,57,0,0,0,
"01:22:27AM Nov 19, 2024",96,59,0,0,0,
"01:22:31AM Nov 19, 2024",96,64,0,0,0,
"01:22:35AM Nov 19, 2024",96,65,0,0,0,
"01:22:39AM Nov 19, 2024",96,60,0,0,0,
"01:22:43AM Nov 19, 2024",96,55,0,0,0,
"01:22:47AM Nov 19, 2024",96,58,0,0,0,
"01:22:51AM Nov 19, 2024",97,60,0,0,0,
"01:22:55AM Nov 19, 2024",97,61,0,0,0,
"01:22:59AM Nov 19, 2024",96,61,0,0,0,
"01:23:03AM Nov 19, 2024",96,60,0,0,0,
"01:23:07AM Nov 19, 2024",96,60,0,0,0,
"01:23:11AM Nov 19, 2024",96,61,0,0,0,
"01:23:15AM Nov 19, 2024",96,62,0,0,0,
"01:23:19AM Nov 19, 2024",96,63,0,0,0,
"01:23:23AM Nov 19, 2024",96,61,0,0,0,
"01:23:27AM Nov 19, 2024",96,59,0,0,0,
"01:23:31AM Nov 19, 2024",96,58,0,0,0,
"01:23:35AM Nov 19, 2024",96,59,0,0,0,
"01:23:39AM Nov 19, 2024",96,60,0,0,0,
"01:23:43AM Nov 19, 2024",96,60,0,0,0,
"01:23:47AM Nov 19, 2024",96,60,0,0,0,
"01:23:51AM Nov 19, 2024",96,60,0,0,0,
"01:23:55AM Nov 19, 2024",96,59,0,0,0,
"01:23:59AM Nov 19, 2024",96,59,0,0,0,
"01:24:03AM Nov 19, 2024",96,59,0,0,0,
"01:24:07AM Nov 19, 2024",96,59,0,0,0,
"01:24:11AM Nov 19, 2024",96,59,0,0,0,
"01:24:15AM Nov 19, 2024",96,60,0,0,0,
"01:24:19AM Nov 19, 2024",96,62,0,0,0,
"01:24:23AM Nov 19, 2024",96,58,0,0,0,
"01:24:27AM Nov 19, 2024",96,56,0,0,0,
"01:24:31AM Nov 19, 2024",96,59,0,0,0,
"01:24:35AM Nov 19, 2024",96,61,0,0,0,
"01:24:39AM Nov 19, 2024",96,63,0,0,0,
"01:24:43AM Nov 19, 2024",97,62,0,0,0,
"01:24:47AM Nov 19, 2024",96,62,0,0,0,
"01:24:51AM Nov 19, 2024",96,62,0,0,0,
"01:24:55AM Nov 19, 2024",96,60,0,0,0,
"01:24:59AM Nov 19, 2024",96,59,0,0,0,
"01:25:03AM Nov 19, 2024",96,64,7,0,0,
"01:25:07AM Nov 19, 2024",95,74,0,0,0,
"01:25:11AM Nov 19, 2024",96,70,0,0,0,
"01:25:15AM Nov 19, 2024",96,55,0,0,0,
"01:25:19AM Nov 19, 2024",96,59,0,0,0,
"01:25:23AM Nov 19, 2024",97,59,0,0,0,
"01:25:27AM Nov 19, 2024",97,55,0,0,0,
"01:25:31AM Nov 19, 2024",96,54,0,0,0,
"01:25:35AM Nov 19, 2024",96,58,0,0,0,
"01:25:39AM Nov 19, 2024",96,61,0,0,0,
"01:25:43AM Nov 19, 2024",96,59,0,0,0,
"01:25:47AM Nov 19, 2024",96,58,0,0,0,
"01:25:51AM Nov 19, 2024",96,59,0,0,0,
"01:25:55AM Nov 19, 2024",96,59,0,0,0,
"01:25:59AM Nov 19, 2024",96,59,0,0,0,
"01:26:03AM Nov 19, 2024",96,60,0,0,0,
"01:26:07AM Nov 19, 2024",96,60,0,0,0,
"01:26:11AM Nov 19, 2024",96,60,0,0,0,
"01:26:15AM Nov 19, 2024",96,60,0,0,0,
"01:26:19AM Nov 19, 2024",96,60,0,0,0,
"01:26:23AM Nov 19, 2024",96,61,0,0,0,
"01:26:27AM Nov 19, 2024",96,60,0,0,0,
"01:26:31AM Nov 19, 2024",96,61,0,0,0,
"01:26:35AM Nov 19, 2024",96,61,0,0,0,
"01:26:39AM Nov 19, 2024",96,62,0,0,0,
"01:26:43AM Nov 19, 2024",96,62,0,0,0,
"01:26:47AM Nov 19, 2024",95,61,0,0,0,
"01:26:51AM Nov 19, 2024",96,60,0,0,0,
"01:26:55AM Nov 19, 2024",96,60,0,0,0,
"01:26:59AM Nov 19, 2024",96,60,0,0,0,
"01:27:03AM Nov 19, 2024",96,60,0,0,0,
"01:27:07AM Nov 19, 2024",96,61,0,0,0,
"01:27:11AM Nov 19, 2024",96,62,0,0,0,
"01:27:15AM Nov 19, 2024",96,61,0,0,0,
"01:27:19AM Nov 19, 2024",96,61,0,0,0,
"01:27:23AM Nov 19, 2024",96,63,0,0,0,
"01:27:27AM Nov 19, 2024",96,63,0,0,0,
"01:27:31AM Nov 19, 2024",96,63,0,0,0,
"01:27:35AM Nov 19, 2024",96,63,0,0,0,
"01:27:39AM Nov 19, 2024",96,63,0,0,0,
"01:27:43AM Nov 19, 2024",96,65,0,0,0,
"01:27:47AM Nov 19, 2024",96,65,0,0,0,
"01:27:51AM Nov 19, 2024",96,66,0,0,0,
"01:27:55AM Nov 19, 2024",96,65,0,0,0,
"01:27:59AM Nov 19, 2024",96,65,0,0,0,
"01:28:03AM Nov 19, 2024",96,66,0,0,0,
"01:28:07AM Nov 19, 2024",96,67,0,0,0,
"01:28:11AM Nov 19, 2024",96,67,0,0,0,
"01:28:15AM Nov 19, 2024",96,67,0,0,0,
"01:28:19AM Nov 19, 2024",96,66,0,0,0,
"01:28:23AM Nov 19, 2024",96,66,0,0,0,
"01:28:27AM Nov 19, 2024",96,66,0,0,0,
"01:28:31AM Nov 19, 2024",96,67,0,0,0,
"01:28:35AM Nov 19, 2024",97,66,0,0,0,
"01:28:39AM Nov 19, 2024",96,65,0,0,0,
"01:28:43AM Nov 19, 2024",96,67,0,0,0,
"01:28:47AM Nov 19, 2024",96,67,0,0,0,
"01:28:51AM Nov 19, 2024",97,66,0,0,0,
"01:28:55AM Nov 19, 2024",97,66,0,0,0,
"01:28:59AM Nov 19, 2024",97,66,0,0,0,
"01:29:03AM Nov 19, 2024",97,65,0,0,0,
"01:29:07AM Nov 19, 2024",96,66,0,0,0,
"01:29:11AM Nov 19, 2024",96,67,0,0,0,
"01:29:15AM Nov 19, 2024",96,63,0,0,0,
"01:29:19AM Nov 19, 2024",96,61,0,0,0,
"01:29:23AM Nov 19, 2024",96,62,0,0,0,
"01:29:27AM Nov 19, 2024",96,64,0,0,0,
"01:29:31AM Nov 19, 2024",96,64,0,0,0,
"01:29:35AM Nov 19, 2024",97,65,0,0,0,
"01:29:39AM Nov 19, 2024",96,66,0,0,0,
"01:29:43AM Nov 19, 2024",96,66,0,0,0,
"01:29:47AM Nov 19, 2024",96,65,0,0,0,
"01:29:51AM Nov 19, 2024",96,64,0,0,0,
"01:29:55AM Nov 19, 2024",96,64,0,0,0,
"01:29:59AM Nov 19, 2024",96,66,0,0,0,
"01:30:03AM Nov 19, 2024",96,67,0,0,0,
"01:30:07AM Nov 19, 2024",96,67,0,0,0,
"01:30:11AM Nov 19, 2024",96,69,0,0,0,
"01:30:15AM Nov 19, 2024",96,70,0,0,0,
"01:30:19AM Nov 19, 2024",96,68,0,0,0,
"01:30:23AM Nov 19, 2024",96,68,0,0,0,
"01:30:27AM Nov 19, 2024",97,69,0,0,0,
"01:30:31AM Nov 19, 2024",96,65,0,0,0,
"01:30:35AM Nov 19, 2024",96,62,0,0,0,
"01:30:39AM Nov 19, 2024",96,62,0,0,0,
"01:30:43AM Nov 19, 2024",96,64,0,0,0,
"01:30:47AM Nov 19, 2024",97,67,0,0,0,
"01:30:51AM Nov 19, 2024",96,70,0,0,0,
"01:30:55AM Nov 19, 2024",95,70,0,0,0,
"01:30:59AM Nov 19, 2024",94,72,0,0,0,
"01:31:03AM Nov 19, 2024",95,72,0,0,0,
"01:31:07AM Nov 19, 2024",95,68,0,0,0,
"01:31:11AM Nov 19, 2024",95,63,0,0,0,
"01:31:15AM Nov 19, 2024",96,61,0,0,0,
"01:31:19AM Nov 19, 2024",96,62,0,0,0,
"01:31:23AM Nov 19, 2024",96,62,0,0,0,
"01:31:27AM Nov 19, 2024",96,62,0,0,0,
"01:31:31AM Nov 19, 2024",96,63,0,0,0,
"01:31:35AM Nov 19, 2024",96,65,0,0,0,
"01:31:39AM Nov 19, 2024",96,64,0,0,0,
"01:31:43AM Nov 19, 2024",96,63,0,0,0,
"01:31:47AM Nov 19, 2024",96,63,0,0,0,
"01:31:51AM Nov 19, 2024",96,64,0,0,0,
"01:31:55AM Nov 19, 2024",97,65,0,0,0,
"01:31:59AM Nov 19, 2024",96,64,0,0,0,
"01:32:03AM Nov 19, 2024",96,62,0,0,0,
"01:32:07AM Nov 19, 2024",96,62,0,0,0,
"01:32:11AM Nov 19, 2024",96,65,0,0,0,
"01:32:15AM Nov 19, 2024",96,67,0,0,0,
"01:32:19AM Nov 19, 2024",96,66,0,0,0,
"01:32:23AM Nov 19, 2024",96,64,0,0,0,
"01:32:27AM Nov 19, 2024",96,64,0,0,0,
"01:32:31AM Nov 19, 2024",96,65,0,0,0,
"01:32:35AM Nov 19, 2024",96,67,0,0,0,
"01:32:39AM Nov 19, 2024",96,68,0,0,0,
"01:32:43AM Nov 19, 2024",97,67,0,0,0,
"01:32:47AM Nov 19, 2024",97,66,0,0,0,
"01:32:51AM Nov 19, 2024",97,65,0,0,0,
"01:32:55AM Nov 19, 2024",96,64,0,0,0,
"01:32:59AM Nov 19, 2024",96,63,0,0,0,
"01:33:03AM Nov 19, 2024",96,62,0,0,0,
"01:33:07AM Nov 19, 2024",96,62,0,0,0,
"01:33:11AM Nov 19, 2024",96,63,0,0,0,
"01:33:15AM Nov 19, 2024",96,67,0,0,0,
"01:33:19AM Nov 19, 2024",97,65,0,0,0,
"01:33:23AM Nov 19, 2024",97,63,0,0,0,
"01:33:27AM Nov 19, 2024",96,64,0,0,0,
"01:33:31AM Nov 19, 2024",96,65,0,0,0,
"01:33:35AM Nov 19, 2024",96,66,0,0,0,
"01:33:39AM Nov 19, 2024",96,66,0,0,0,
"01:33:43AM Nov 19, 2024",96,66,0,0,0,
"01:33:47AM Nov 19, 2024",96,67,0,0,0,
"01:33:51AM Nov 19, 2024",96,68,0,0,0,
"01:33:55AM Nov 19, 2024",96,67,0,0,0,
"01:33:59AM Nov 19, 2024",96,67,0,0,0,
"01:34:03AM Nov 19, 2024",96,67,0,0,0,
"01:34:07AM Nov 19, 2024",96,66,0,0,0,
"01:34:11AM Nov 19, 2024",96,67,0,0,0,
"01:34:15AM Nov 19, 2024",96,69,0,0,0,
"01:34:19AM Nov 19, 2024",96,70,0,0,0,
"01:34:23AM Nov 19, 2024",96,69,0,0,0,
"01:34:27AM Nov 19, 2024",96,68,0,0,0,
"01:34:31AM Nov 19, 2024",96,70,0,0,0,
"01:34:35AM Nov 19, 2024",96,70,0,0,0,
"01:34:39AM Nov 19, 2024",96,67,0,0,0,
"01:34:43AM Nov 19, 2024",96,65,0,0,0,
"01:34:47AM Nov 19, 2024",96,65,0,0,0,
"01:34:51AM Nov 19, 2024",96,65,0,0,0,
"01:34:55AM Nov 19, 2024",96,66,0,0,0,
"01:34:59AM Nov 19, 2024",96,66,0,0,0,
"01:35:03AM Nov 19, 2024",96,66,0,0,0,
"01:35:07AM Nov 19, 2024",96,66,0,0,0,
"01:35:11AM Nov 19, 2024",96,67,0,0,0,
"01:35:15AM Nov 19, 2024",96,66,0,0,0,
"01:35:19AM Nov 19, 2024",96,65,0,0,0,
"01:35:23AM Nov 19, 2024",96,66,0,0,0,
"01:35:27AM Nov 19, 2024",96,70,0,0,0,
"01:35:31AM Nov 19, 2024",96,71,0,0,0,
"01:35:35AM Nov 19, 2024",95,66,0,0,0,
"01:35:39AM Nov 19, 2024",95,64,0,0,0,
"01:35:43AM Nov 19, 2024",95,65,21,0,0,
"01:35:47AM Nov 19, 2024",95,65,18,0,0,
"01:35:51AM Nov 19, 2024",95,65,21,0,0,
"01:35:55AM Nov 19, 2024",95,65,36,0,0,
"01:35:59AM Nov 19, 2024",96,67,2,0,0,
"01:36:03AM Nov 19, 2024",96,73,0,0,0,
"01:36:07AM Nov 19, 2024",96,83,0,0,0,
"01:36:11AM Nov 19, 2024",96,78,0,0,0,
"01:36:15AM Nov 19, 2024",96,62,0,0,0,
"01:36:19AM Nov 19, 2024",97,59,0,0,0,
"01:36:23AM Nov 19, 2024",97,63,0,0,0,
"01:36:27AM Nov 19, 2024",97,63,0,0,0,
"01:36:31AM Nov 19, 2024",97,59,0,0,0,
"01:36:35AM Nov 19, 2024",97,59,0,0,0,
"01:36:39AM Nov 19, 2024",97,61,0,0,0,
"01:36:43AM Nov 19, 2024",97,63,0,0,0,
"01:36:47AM Nov 19, 2024",96,63,0,0,0,
"01:36:51AM Nov 19, 2024",96,64,0,0,0,
"01:36:55AM Nov 19, 2024",96,64,0,0,0,
"01:36:59AM Nov 19, 2024",96,65,0,0,0,
"01:37:03AM Nov 19, 2024",95,64,0,0,0,
"01:37:07AM Nov 19, 2024",95,64,0,0,0,
"01:37:11AM Nov 19, 2024",95,65,0,0,0,
"01:37:15AM Nov 19, 2024",95,65,0,0,0,
"01:37:19AM Nov 19, 2024",95,66,0,0,0,
"01:37:23AM Nov 19, 2024",95,65,0,0,0,
"01:37:27AM Nov 19, 2024",95,64,0,0,0,
"01:37:31AM Nov 19, 2024",95,64,0,0,0,
"01:37:35AM Nov 19, 2024",95,65,0,0,0,
"01:37:39AM Nov 19, 2024",95,65,0,0,0,
"01:37:43AM Nov 19, 2024",95,65,0,0,0,
"01:37:47AM Nov 19, 2024",95,66,0,0,0,
"01:37:51AM Nov 19, 2024",95,67,0,0,0,
"01:37:55AM Nov 19, 2024",95,68,0,0,0,
"01:37:59AM Nov 19, 2024",95,69,0,0,0,
"01:38:03AM Nov 19, 2024",94,69,0,0,0,
"01:38:07AM Nov 19, 2024",94,67,0,0,0,
"01:38:11AM Nov 19, 2024",95,68,0,0,0,
"01:38:15AM Nov 19, 2024",95,68,0,0,0,
"01:38:19AM Nov 19, 2024",96,67,0,0,0,
"01:38:23AM Nov 19, 2024",96,66,0,0,0,
"01:38:27AM Nov 19, 2024",96,65,0,0,0,
"01:38:31AM Nov 19, 2024",96,67,0,0,0,
"01:38:35AM Nov 19, 2024",95,67,0,0,0,
"01:38:39AM Nov 19, 2024",95,64,0,0,0,
"01:38:43AM Nov 19, 2024",95,64,0,0,0,
"01:38:47AM Nov 19, 2024",95,66,0,0,0,
"01:38:51AM Nov 19, 2024",95,67,0,0,0,
"01:38:55AM Nov 19, 2024",95,67,0,0,0,
"01:38:59AM Nov 19, 2024",95,63,0,0,0,
"01:39:03AM Nov 19, 2024",95,61,0,0,0,
"01:39:07AM Nov 19, 2024",95,64,0,0,0,
"01:39:11AM Nov 19, 2024",95,66,0,0,0,
"01:39:15AM Nov 19, 2024",95,65,0,0,0,
"01:39:19AM Nov 19, 2024",95,67,0,0,0,
"01:39:23AM Nov 19, 2024",94,71,0,0,0,
"01:39:27AM Nov 19, 2024",94,73,0,0,0,
"01:39:31AM Nov 19, 2024",93,75,0,0,0,
"01:39:35AM Nov 19, 2024",94,78,0,0,0,
"01:39:39AM Nov 19, 2024",95,82,0,0,0,
"01:39:43AM Nov 19, 2024",95,85,0,0,0,
"01:39:47AM Nov 19, 2024",95,80,0,0,0,
"01:39:51AM Nov 19, 2024",96,73,0,0,0,
"01:39:55AM Nov 19, 2024",96,70,0,0,0,
"01:39:59AM Nov 19, 2024",96,68,0,0,0,
"01:40:03AM Nov 19, 2024",96,64,0,0,0,
"01:40:07AM Nov 19, 2024",96,61,0,0,0,
"01:40:11AM Nov 19, 2024",96,64,0,0,0,
"01:40:15AM Nov 19, 2024",94,66,0,0,0,
"01:40:19AM Nov 19, 2024",93,65,0,0,0,
"01:40:23AM Nov 19, 2024",92,62,0,0,0,
"01:40:27AM Nov 19, 2024",94,61,0,0,0,
"01:40:31AM Nov 19, 2024",96,63,0,0,0,
"01:40:35AM Nov 19, 2024",96,64,0,0,0,
"01:40:39AM Nov 19, 2024",96,63,0,0,0,
"01:40:43AM Nov 19, 2024",96,63,0,0,0,
"01:40:47AM Nov 19, 2024",95,65,0,0,0,
"01:40:51AM Nov 19, 2024",95,66,0,0,0,
"01:40:55AM Nov 19, 2024",94,65,0,0,0,
"01:40:59AM Nov 19, 2024",94,61,0,0,0,
"01:41:03AM Nov 19, 2024",94,61,0,0,0,
"01:41:07AM Nov 19, 2024",95,64,0,0,0,
"01:41:11AM Nov 19, 2024",95,65,0,0,0,
"01:41:15AM Nov 19, 2024",94,65,0,0,0,
"01:41:19AM Nov 19, 2024",93,64,0,0,0,
"01:41:23AM Nov 19, 2024",93,65,0,0,0,
"01:41:27AM Nov 19, 2024",93,64,0,0,0,
"01:41:31AM Nov 19, 2024",93,63,0,0,0,
"01:41:35AM Nov 19, 2024",93,66,0,0,0,
"01:41:39AM Nov 19, 2024",93,67,0,0,0,
"01:41:43AM Nov 19, 2024",92,66,0,0,0,
"01:41:47AM Nov 19, 2024",92,64,0,0,0,
"01:41:51AM Nov 19, 2024",92,64,0,0,0,
"01:41:55AM Nov 19, 2024",93,64,0,0,0,
"01:41:59AM Nov 19, 2024",94,65,0,0,0,
"01:42:03AM Nov 19, 2024",95,64,0,0,0,
"01:42:07AM Nov 19, 2024",95,63,0,0,0,
"01:42:11AM Nov 19, 2024",95,63,0,0,0,
"01:42:15AM Nov 19, 2024",95,63,0,0,0,
"01:42:19AM Nov 19, 2024",95,64,0,0,0,
"01:42:23AM Nov 19, 2024",94,64,0,0,0,
"01:42:27AM Nov 19, 2024",94,63,0,0,0,
"01:42:31AM Nov 19, 2024",94,65,0,0,0,
"01:42:35AM Nov 19, 2024",94,64,0,0,0,
"01:42:39AM Nov 19, 2024",93,61,0,0,0,
"01:42:43AM Nov 19, 2024",94,61,0,0,0,
"01:42:47AM Nov 19, 2024",94,63,0,0,0,
"01:42:51AM Nov 19, 2024",94,63,0,0,0,
"01:42:55AM Nov 19, 2024",94,64,0,0,0,
"01:42:59AM Nov 19, 2024",94,65,0,0,0,
"01:43:03AM Nov 19, 2024",94,62,0,0,0,
"01:43:07AM Nov 19, 2024",94,61,0,0,0,
"01:43:11AM Nov 19, 2024",94,62,0,0,0,
"01:43:15AM Nov 19, 2024",94,64,0,0,0,
"01:43:19AM Nov 19, 2024",94,64,0,0,0,
"01:43:23AM Nov 19, 2024",94,63,0,0,0,
"01:43:27AM Nov 19, 2024",94,62,0,0,0,
"01:43:31AM Nov 19, 2024",94,67,0,0,0,
"01:43:35AM Nov 19, 2024",94,72,0,0,0,
"01:43:39AM Nov 19, 2024",94,79,0,0,0,
"01:43:43AM Nov 19, 2024",94,80,0,0,0,
"01:43:47AM Nov 19, 2024",95,74,0,0,0,
"01:43:51AM Nov 19, 2024",96,66,0,0,0,
"01:43:55AM Nov 19, 2024",97,64,0,0,0,
"01:43:59AM Nov 19, 2024",96,64,0,0,0,
"01:44:03AM Nov 19, 2024",96,63,0,0,0,
"01:44:07AM Nov 19, 2024",95,65,0,0,0,
"01:44:11AM Nov 19, 2024",94,73,0,0,0,
"01:44:15AM Nov 19, 2024",94,72,0,0,0,
"01:44:19AM Nov 19, 2024",96,59,0,0,0,
"01:44:23AM Nov 19, 2024",97,55,0,0,0,
"01:44:27AM Nov 19, 2024",97,57,0,0,0,
"01:44:31AM Nov 19, 2024",97,59,0,0,0,
"01:44:35AM Nov 19, 2024",97,58,0,0,0,
"01:44:39AM Nov 19, 2024",97,59,0,0,0,
"01:44:43AM Nov 19, 2024",97,60,0,0,0,
"01:44:47AM Nov 19, 2024",97,60,0,0,0,
"01:44:51AM Nov 19, 2024",96,59,0,0,0,
"01:44:55AM Nov 19, 2024",96,59,0,0,0,
"01:44:59AM Nov 19, 2024",96,60,0,0,0,
"01:45:03AM Nov 19, 2024",96,60,0,0,0,
"01:45:07AM Nov 19, 2024",96,61,0,0,0,
"01:45:11AM Nov 19, 2024",96,60,0,0,0,
"01:45:15AM Nov 19, 2024",96,60,0,0,0,
"01:45:19AM Nov 19, 2024",96,61,0,0,0,
"01:45:23AM Nov 19, 2024",96,59,0,0,0,
"01:45:27AM Nov 19, 2024",96,59,0,0,0,
"01:45:31AM Nov 19, 2024",96,60,0,0,0,
"01:45:35AM Nov 19, 2024",96,59,0,0,0,
"01:45:39AM Nov 19, 2024",96,59,0,0,0,
"01:45:43AM Nov 19, 2024",96,60,0,0,0,
"01:45:47AM Nov 19, 2024",96,61,0,0,0,
"01:45:51AM Nov 19, 2024",96,60,0,0,0,
"01:45:55AM Nov 19, 2024",96,60,0,0,0,
"01:45:59AM Nov 19, 2024",96,61,0,0,0,
"01:46:03AM Nov 19, 2024",96,61,0,0,0,
"01:46:07AM Nov 19, 2024",96,62,0,0,0,
"01:46:11AM Nov 19, 2024",96,61,0,0,0,
"01:46:15AM Nov 19, 2024",96,62,0,0,0,
"01:46:19AM Nov 19, 2024",96,63,0,0,0,
"01:46:23AM Nov 19, 2024",96,62,0,0,0,
"01:46:27AM Nov 19, 2024",95,62,0,0,0,
"01:46:31AM Nov 19, 2024",95,62,0,0,0,
"01:46:35AM Nov 19, 2024",95,62,0,0,0,
"01:46:39AM Nov 19, 2024",96,64,0,0,0,
"01:46:43AM Nov 19, 2024",96,64,0,0,0,
"01:46:47AM Nov 19, 2024",96,62,0,0,0,
"01:46:51AM Nov 19, 2024",96,62,0,0,0,
"01:46:55AM Nov 19, 2024",96,63,0,0,0,
"01:46:59AM Nov 19, 2024",96,64,0,0,0,
"01:47:03AM Nov 19, 2024",96,64,0,0,0,
"01:47:07AM Nov 19, 2024",95,63,0,0,0,
"01:47:11AM Nov 19, 2024",96,62,0,0,0,
"01:47:15AM Nov 19, 2024",96,63,0,0,0,
"01:47:19AM Nov 19, 2024",96,63,0,0,0,
"01:47:23AM Nov 19, 2024",96,62,0,0,0,
"01:47:27AM Nov 19, 2024",96,63,0,0,0,
"01:47:31AM Nov 19, 2024",96,63,0,0,0,
"01:47:35AM Nov 19, 2024",96,63,0,0,0,
"01:47:39AM Nov 19, 2024",96,64,0,0,0,
"01:47:43AM Nov 19, 2024",96,63,0,0,0,
"01:47:47AM Nov 19, 2024",96,64,0,0,0,
"01:47:51AM Nov 19, 2024",96,65,0,0,0,
"01:47:55AM Nov 19, 2024",96,62,0,0,0,
"01:47:59AM Nov 19, 2024",96,63,0,0,0,
"01:48:03AM Nov 19, 2024",96,64,0,0,0,
"01:48:07AM Nov 19, 2024",96,64,0,0,0,
"01:48:11AM Nov 19, 2024",96,64,0,0,0,
"01:48:15AM Nov 19, 2024",96,65,0,0,0,
"01:48:19AM Nov 19, 2024",96,64,0,0,0,
"01:48:23AM Nov 19, 2024",96,62,0,0,0,
"01:48:27AM Nov 19, 2024",96,63,0,0,0,
"01:48:31AM Nov 19, 2024",96,65,0,0,0,
"01:48:35AM Nov 19, 2024",96,65,0,0,0,
"01:48:39AM Nov 19, 2024",96,63,0,0,0,
"01:48:43AM Nov 19, 2024",96,64,0,0,0,
"01:48:47AM Nov 19, 2024",96,65,0,0,0,
"01:48:51AM Nov 19, 2024",96,64,0,0,0,
"01:48:55AM Nov 19, 2024",96,65,0,0,0,
"01:48:59AM Nov 19, 2024",96,65,0,0,0,
"01:49:03AM Nov 19, 2024",96,65,0,0,0,
"01:49:07AM Nov 19, 2024",96,65,0,0,0,
"01:49:11AM Nov 19, 2024",96,65,0,0,0,
"01:49:15AM Nov 19, 2024",96,65,0,0,0,
"01:49:19AM Nov 19, 2024",96,65,0,0,0,
"01:49:23AM Nov 19, 2024",96,65,0,0,0,
"01:49:27AM Nov 19, 2024",96,64,0,0,0,
"01:49:31AM Nov 19, 2024",96,65,0,0,0,
"01:49:35AM Nov 19, 2024",96,66,0,0,0,
"01:49:39AM Nov 19, 2024",96,66,0,0,0,
"01:49:43AM Nov 19, 2024",96,65,0,0,0,
"01:49:47AM Nov 19, 2024",96,65,0,0,0,
"01:49:51AM Nov 19, 2024",96,66,0,0,0,
"01:49:55AM Nov 19, 2024",96,66,0,0,0,
"01:49:59AM Nov 19, 2024",96,66,0,0,0,
"01:50:03AM Nov 19, 2024",96,65,0,0,0,
"01:50:07AM Nov 19, 2024",96,66,0,0,0,
"01:50:11AM Nov 19, 2024",96,65,0,0,0,
"01:50:15AM Nov 19, 2024",96,64,0,0,0,
"01:50:19AM Nov 19, 2024",96,64,0,0,0,
"01:50:23AM Nov 19, 2024",96,65,0,0,0,
"01:50:27AM Nov 19, 2024",96,64,0,0,0,
"01:50:31AM Nov 19, 2024",96,63,0,0,0,
"01:50:35AM Nov 19, 2024",96,65,0,0,0,
"01:50:39AM Nov 19, 2024",96,65,0,0,0,
"01:50:43AM Nov 19, 2024",96,64,0,0,0,
"01:50:47AM Nov 19, 2024",96,64,0,0,0,
"01:50:51AM Nov 19, 2024",96,64,0,0,0,
"01:50:55AM Nov 19, 2024",96,64,0,0,0,
"01:50:59AM Nov 19, 2024",96,63,0,0,0,
"01:51:03AM Nov 19, 2024",96,63,0,0,0,
"01:51:07AM Nov 19, 2024",96,64,0,0,0,
"01:51:11AM Nov 19, 2024",96,64,0,0,0,
"01:51:15AM Nov 19, 2024",96,65,0,0,0,
"01:51:19AM Nov 19, 2024",96,66,0,0,0,
"01:51:23AM Nov 19, 2024",96,66,0,0,0,
"01:51:27AM Nov 19, 2024",96,66,0,0,0,
"01:51:31AM Nov 19, 2024",96,66,0,0,0,
"01:51:35AM Nov 19, 2024",96,65,0,0,0,
"01:51:39AM Nov 19, 2024",96,64,0,0,0,
"01:51:43AM Nov 19, 2024",96,63,0,0,0,
"01:51:47AM Nov 19, 2024",96,63,0,0,0,
"01:51:51AM Nov 19, 2024",96,64,0,0,0,
"01:51:55AM Nov 19, 2024",96,65,0,0,0,
"01:51:59AM Nov 19, 2024",96,65,0,0,0,
"01:52:03AM Nov 19, 2024",96,65,0,0,0,
"01:52:07AM Nov 19, 2024",96,64,0,0,0,
"01:52:11AM Nov 19, 2024",96,64,0,0,0,
"01:52:15AM Nov 19, 2024",96,64,0,0,0,
"01:52:19AM Nov 19, 2024",96,64,0,0,0,
"01:52:23AM Nov 19, 2024",96,64,0,0,0,
"01:52:27AM Nov 19, 2024",96,64,0,0,0,
"01:52:31AM Nov 19, 2024",95,64,0,0,0,
"01:52:35AM Nov 19, 2024",96,63,0,0,0,
"01:52:39AM Nov 19, 2024",96,64,0,0,0,
"01:52:43AM Nov 19, 2024",96,65,0,0,0,
"01:52:47AM Nov 19, 2024",96,64,0,0,0,
"01:52:51AM Nov 19, 2024",96,64,0,0,0,
"01:52:55AM Nov 19, 2024",96,65,0,0,0,
"01:52:59AM Nov 19, 2024",96,65,0,0,0,
"01:53:03AM Nov 19, 2024",96,65,0,0,0,
"01:53:07AM Nov 19, 2024",96,64,0,0,0,
"01:53:11AM Nov 19, 2024",95,63,0,0,0,
"01:53:15AM Nov 19, 2024",96,62,0,0,0,
"01:53:19AM Nov 19, 2024",96,62,0,0,0,
"01:53:23AM Nov 19, 2024",96,62,0,0,0,
"01:53:27AM Nov 19, 2024",96,64,0,0,0,
"01:53:31AM Nov 19, 2024",96,65,0,0,0,
"01:53:35AM Nov 19, 2024",96,64,0,0,0,
"01:53:39AM Nov 19, 2024",96,65,0,0,0,
"01:53:43AM Nov 19, 2024",96,66,0,0,0,
"01:53:47AM Nov 19, 2024",96,65,0,0,0,
"01:53:51AM Nov 19, 2024",95,63,0,0,0,
"01:53:55AM Nov 19, 2024",95,63,0,0,0,
"01:53:59AM Nov 19, 2024",96,63,0,0,0,
"01:54:03AM Nov 19, 2024",96,64,0,0,0,
"01:54:07AM Nov 19, 2024",96,64,0,0,0,
"01:54:11AM Nov 19, 2024",96,64,0,0,0,
"01:54:15AM Nov 19, 2024",96,63,0,0,0,
"01:54:19AM Nov 19, 2024",96,63,0,0,0,
"01:54:23AM Nov 19, 2024",96,62,0,0,0,
"01:54:27AM Nov 19, 2024",96,63,0,0,0,
"01:54:31AM Nov 19, 2024",96,64,0,0,0,
"01:54:35AM Nov 19, 2024",96,64,0,0,0,
"01:54:39AM Nov 19, 2024",96,62,0,0,0,
"01:54:43AM Nov 19, 2024",96,63,0,0,0,
"01:54:47AM Nov 19, 2024",96,64,0,0,0,
"01:54:51AM Nov 19, 2024",96,63,0,0,0,
"01:54:55AM Nov 19, 2024",96,61,0,0,0,
"01:54:59AM Nov 19, 2024",96,63,0,0,0,
"01:55:03AM Nov 19, 2024",96,64,0,0,0,
"01:55:07AM Nov 19, 2024",96,64,0,0,0,
"01:55:11AM Nov 19, 2024",96,64,0,0,0,
"01:55:15AM Nov 19, 2024",96,63,0,0,0,
"01:55:19AM Nov 19, 2024",96,63,0,0,0,
"01:55:23AM Nov 19, 2024",96,64,0,0,0,
"01:55:27AM Nov 19, 2024",96,65,0,0,0,
"01:55:31AM Nov 19, 2024",96,65,0,0,0,
"01:55:35AM Nov 19, 2024",96,63,0,0,0,
"01:55:39AM Nov 19, 2024",96,63,0,0,0,
"01:55:43AM Nov 19, 2024",96,64,0,0,0,
"01:55:47AM Nov 19, 2024",96,63,0,0,0,
"01:55:51AM Nov 19, 2024",96,62,0,0,0,
"01:55:55AM Nov 19, 2024",96,62,0,0,0,
"01:55:59AM Nov 19, 2024",96,63,0,0,0,
"01:56:03AM Nov 19, 2024",96,64,0,0,0,
"01:56:07AM Nov 19, 2024",96,64,0,0,0,
"01:56:11AM Nov 19, 2024",96,64,0,0,0,
"01:56:15AM Nov 19, 2024",96,65,0,0,0,
"01:56:19AM Nov 19, 2024",96,65,0,0,0,
"01:56:23AM Nov 19, 2024",96,64,0,0,0,
"01:56:27AM Nov 19, 2024",96,64,0,0,0,
"01:56:31AM Nov 19, 2024",96,65,0,0,0,
"01:56:35AM Nov 19, 2024",96,64,0,0,0,
"01:56:39AM Nov 19, 2024",96,64,0,0,0,
"01:56:43AM Nov 19, 2024",96,63,0,0,0,
"01:56:47AM Nov 19, 2024",96,63,0,0,0,
"01:56:51AM Nov 19, 2024",96,63,0,0,0,
"01:56:55AM Nov 19, 2024",96,63,0,0,0,
"01:56:59AM Nov 19, 2024",96,63,0,0,0,
"01:57:03AM Nov 19, 2024",96,63,0,0,0,
"01:57:07AM Nov 19, 2024",96,64,0,0,0,
"01:57:11AM Nov 19, 2024",96,64,0,0,0,
"01:57:15AM Nov 19, 2024",96,63,0,0,0,
"01:57:19AM Nov 19, 2024",96,62,0,0,0,
"01:57:23AM Nov 19, 2024",96,64,0,0,0,
"01:57:27AM Nov 19, 2024",96,64,0,0,0,
"01:57:31AM Nov 19, 2024",96,64,0,0,0,
"01:57:35AM Nov 19, 2024",96,64,0,0,0,
"01:57:39AM Nov 19, 2024",96,63,0,0,0,
"01:57:43AM Nov 19, 2024",96,62,0,0,0,
"01:57:47AM Nov 19, 2024",96,63,0,0,0,
"01:57:51AM Nov 19, 2024",96,64,0,0,0,
"01:57:55AM Nov 19, 2024",96,64,0,0,0,
"01:57:59AM Nov 19, 2024",96,64,0,0,0,
"01:58:03AM Nov 19, 2024",96,64,0,0,0,
"01:58:07AM Nov 19, 2024",96,65,0,0,0,
"01:58:11AM Nov 19, 2024",96,65,0,0,0,
"01:58:15AM Nov 19, 2024",96,64,0,0,0,
"01:58:19AM Nov 19, 2024",96,63,0,0,0,
"01:58:23AM Nov 19, 2024",96,63,0,0,0,
"01:58:27AM Nov 19, 2024",96,64,0,0,0,
"01:58:31AM Nov 19, 2024",96,64,0,0,0,
"01:58:35AM Nov 19, 2024",96,64,0,0,0,
"01:58:39AM Nov 19, 2024",96,64,0,0,0,
"01:58:43AM Nov 19, 2024",96,65,0,0,0,
"01:58:47AM Nov 19, 2024",96,64,0,0,0,
"01:58:51AM Nov 19, 2024",96,64,0,0,0,
"01:58:55AM Nov 19, 2024",96,64,0,0,0,
"01:58:59AM Nov 19, 2024",96,64,0,0,0,
"01:59:03AM Nov 19, 2024",96,64,0,0,0,
"01:59:07AM Nov 19, 2024",96,65,0,0,0,
"01:59:11AM Nov 19, 2024",96,65,0,0,0,
"01:59:15AM Nov 19, 2024",96,64,0,0,0,
"01:59:19AM Nov 19, 2024",96,64,0,0,0,
"01:59:23AM Nov 19, 2024",96,64,0,0,0,
"01:59:27AM Nov 19, 2024",96,63,0,0,0,
"01:59:31AM Nov 19, 2024",96,63,0,0,0,
"01:59:35AM Nov 19, 2024",96,65,0,0,0,
"01:59:39AM Nov 19, 2024",96,64,0,0,0,
"01:59:43AM Nov 19, 2024",96,64,0,0,0,
"01:59:47AM Nov 19, 2024",96,64,0,0,0,
"01:59:51AM Nov 19, 2024",96,65,0,0,0,
"01:59:55AM Nov 19, 2024",96,64,0,0,0,
"01:59:59AM Nov 19, 2024",96,63,0,0,0,
"02:00:03AM Nov 19, 2024",96,63,0,0,0,
"02:00:07AM Nov 19, 2024",96,64,0,0,0,
"02:00:11AM Nov 19, 2024",96,64,0,0,0,
"02:00:15AM Nov 19, 2024",96,64,0,0,0,
"02:00:19AM Nov 19, 2024",96,64,0,0,0,
"02:00:23AM Nov 19, 2024",96,64,0,0,0,
"02:00:27AM Nov 19, 2024",96,65,0,0,0,
"02:00:31AM Nov 19, 2024",96,65,0,0,0,
"02:00:35AM Nov 19, 2024",96,64,0,0,0,
"02:00:39AM Nov 19, 2024",96,64,0,0,0,
"02:00:43AM Nov 19, 2024",96,64,0,0,0,
"02:00:47AM Nov 19, 2024",96,64,0,0,0,
"02:00:51AM Nov 19, 2024",96,63,0,0,0,
"02:00:55AM Nov 19, 2024",96,62,0,0,0,
"02:00:59AM Nov 19, 2024",96,63,0,0,0,
"02:01:03AM Nov 19, 2024",96,64,0,0,0,
"02:01:07AM Nov 19, 2024",96,63,0,0,0,
"02:01:11AM Nov 19, 2024",96,64,0,0,0,
"02:01:15AM Nov 19, 2024",96,64,0,0,0,
"02:01:19AM Nov 19, 2024",96,64,0,0,0,
"02:01:23AM Nov 19, 2024",96,64,0,0,0,
"02:01:27AM Nov 19, 2024",96,65,0,0,0,
"02:01:31AM Nov 19, 2024",96,64,0,0,0,
"02:01:35AM Nov 19, 2024",96,63,0,0,0,
"02:01:39AM Nov 19, 2024",96,64,0,0,0,
"02:01:43AM Nov 19, 2024",96,65,0,0,0,
"02:01:47AM Nov 19, 2024",96,65,0,0,0,
"02:01:51AM Nov 19, 2024",96,65,0,0,0,
"02:01:55AM Nov 19, 2024",96,65,0,0,0,
"02:01:59AM Nov 19, 2024",96,64,0,0,0,
"02:02:03AM Nov 19, 2024",96,64,0,0,0,
"02:02:07AM Nov 19, 2024",96,63,0,0,0,
"02:02:11AM Nov 19, 2024",96,63,0,0,0,
"02:02:15AM Nov 19, 2024",96,64,0,0,0,
"02:02:19AM Nov 19, 2024",96,64,0,0,0,
"02:02:23AM Nov 19, 2024",96,64,0,0,0,
"02:02:27AM Nov 19, 2024",96,64,0,0,0,
"02:02:31AM Nov 19, 2024",96,65,0,0,0,
"02:02:35AM Nov 19, 2024",96,64,0,0,0,
"02:02:39AM Nov 19, 2024",96,65,0,0,0,
"02:02:43AM Nov 19, 2024",96,65,0,0,0,
"02:02:47AM Nov 19, 2024",96,64,0,0,0,
"02:02:51AM Nov 19, 2024",96,63,0,0,0,
"02:02:55AM Nov 19, 2024",96,63,0,0,0,
"02:02:59AM Nov 19, 2024",96,64,0,0,0,
"02:03:03AM Nov 19, 2024",96,63,0,0,0,
"02:03:07AM Nov 19, 2024",96,64,0,0,0,
"02:03:11AM Nov 19, 2024",96,65,0,0,0,
"02:03:15AM Nov 19, 2024",96,65,0,0,0,
"02:03:19AM Nov 19, 2024",96,64,0,0,0,
"02:03:23AM Nov 19, 2024",96,64,0,0,0,
"02:03:27AM Nov 19, 2024",96,64,0,0,0,
"02:03:31AM Nov 19, 2024",96,63,0,0,0,
"02:03:35AM Nov 19, 2024",96,64,0,0,0,
"02:03:39AM Nov 19, 2024",96,65,0,0,0,
"02:03:43AM Nov 19, 2024",96,64,0,0,0,
"02:03:47AM Nov 19, 2024",96,64,0,0,0,
"02:03:51AM Nov 19, 2024",96,65,0,0,0,
"02:03:55AM Nov 19, 2024",96,65,0,0,0,
"02:03:59AM Nov 19, 2024",96,64,0,0,0,
"02:04:03AM Nov 19, 2024",96,63,0,0,0,
"02:04:07AM Nov 19, 2024",96,63,0,0,0,
"02:04:11AM Nov 19, 2024",96,64,0,0,0,
"02:04:15AM Nov 19, 2024",96,65,0,0,0,
"02:04:19AM Nov 19, 2024",96,64,0,0,0,
"02:04:23AM Nov 19, 2024",96,64,0,0,0,
"02:04:27AM Nov 19, 2024",96,64,0,0,0,
"02:04:31AM Nov 19, 2024",96,64,0,0,0,
"02:04:35AM Nov 19, 2024",96,64,0,0,0,
"02:04:39AM Nov 19, 2024",96,63,0,0,0,
"02:04:43AM Nov 19, 2024",96,62,0,0,0,
"02:04:47AM Nov 19, 2024",96,62,0,0,0,
"02:04:51AM Nov 19, 2024",96,62,0,0,0,
"02:04:55AM Nov 19, 2024",96,61,0,0,0,
"02:04:59AM Nov 19, 2024",96,63,0,0,0,
"02:05:03AM Nov 19, 2024",96,63,0,0,0,
"02:05:07AM Nov 19, 2024",96,64,0,0,0,
"02:05:11AM Nov 19, 2024",96,64,0,0,0,
"02:05:15AM Nov 19, 2024",96,63,0,0,0,
"02:05:19AM Nov 19, 2024",96,62,0,0,0,
"02:05:23AM Nov 19, 2024",96,62,0,0,0,
"02:05:27AM Nov 19, 2024",96,63,0,0,0,
"02:05:31AM Nov 19, 2024",96,63,0,0,0,
"02:05:35AM Nov 19, 2024",96,63,0,0,0,
"02:05:39AM Nov 19, 2024",96,63,0,0,0,
"02:05:43AM Nov 19, 2024",96,63,0,0,0,
"02:05:47AM Nov 19, 2024",96,62,0,0,0,
"02:05:51AM Nov 19, 2024",96,63,0,0,0,
"02:05:55AM Nov 19, 2024",96,64,0,0,0,
"02:05:59AM Nov 19, 2024",96,65,0,0,0,
"02:06:03AM Nov 19, 2024",96,64,0,0,0,
"02:06:07AM Nov 19, 2024",96,63,0,0,0,
"02:06:11AM Nov 19, 2024",96,62,0,0,0,
"02:06:15AM Nov 19, 2024",96,63,0,0,0,
"02:06:19AM Nov 19, 2024",96,62,0,0,0,
"02:06:23AM Nov 19, 2024",96,63,0,0,0,
"02:06:27AM Nov 19, 2024",96,63,0,0,0,
"02:06:31AM Nov 19, 2024",96,64,0,0,0,
"02:06:35AM Nov 19, 2024",96,65,0,0,0,
"02:06:39AM Nov 19, 2024",96,64,0,0,0,
"02:06:43AM Nov 19, 2024",96,63,0,0,0,
"02:06:47AM Nov 19, 2024",96,63,0,0,0,
"02:06:51AM Nov 19, 2024",96,63,0,0,0,
"02:06:55AM Nov 19, 2024",96,63,0,0,0,
"02:06:59AM Nov 19, 2024",96,63,0,0,0,
"02:07:03AM Nov 19, 2024",96,64,0,0,0,
"02:07:07AM Nov 19, 2024",96,64,0,0,0,
"02:07:11AM Nov 19, 2024",96,64,0,0,0,
"02:07:15AM Nov 19, 2024",96,63,0,0,0,
"02:07:19AM Nov 19, 2024",96,63,0,0,0,
"02:07:23AM Nov 19, 2024",96,65,0,0,0,
"02:07:27AM Nov 19, 2024",96,68,0,0,0,
"02:07:31AM Nov 19, 2024",95,67,0,0,0,
"02:07:35AM Nov 19, 2024",95,60,0,0,0,
"02:07:39AM Nov 19, 2024",96,58,0,0,0,
"02:07:43AM Nov 19, 2024",96,60,0,0,0,
"02:07:47AM Nov 19, 2024",96,61,0,0,0,
"02:07:51AM Nov 19, 2024",96,62,0,0,0,
"02:07:55AM Nov 19, 2024",96,62,0,0,0,
"02:07:59AM Nov 19, 2024",96,63,0,0,0,
"02:08:03AM Nov 19, 2024",96,63,0,0,0,
"02:08:07AM Nov 19, 2024",96,63,0,0,0,
"02:08:11AM Nov 19, 2024",96,62,0,0,0,
"02:08:15AM Nov 19, 2024",96,61,0,0,0,
"02:08:19AM Nov 19, 2024",96,62,0,0,0,
"02:08:23AM Nov 19, 2024",96,62,0,0,0,
"02:08:27AM Nov 19, 2024",96,63,0,0,0,
"02:08:31AM Nov 19, 2024",96,63,0,0,0,
"02:08:35AM Nov 19, 2024",96,61,0,0,0,
"02:08:39AM Nov 19, 2024",96,62,0,0,0,
"02:08:43AM Nov 19, 2024",96,64,0,0,0,
"02:08:47AM Nov 19, 2024",96,64,0,0,0,
"02:08:51AM Nov 19, 2024",96,64,0,0,0,
"02:08:55AM Nov 19, 2024",96,64,0,0,0,
"02:08:59AM Nov 19, 2024",96,62,0,0,0,
"02:09:03AM Nov 19, 2024",96,61,0,0,0,
"02:09:07AM Nov 19, 2024",96,62,0,0,0,
"02:09:11AM Nov 19, 2024",96,63,0,0,0,
"02:09:15AM Nov 19, 2024",96,63,0,0,0,
"02:09:19AM Nov 19, 2024",96,63,0,0,0,
"02:09:23AM Nov 19, 2024",96,63,0,0,0,
"02:09:27AM Nov 19, 2024",96,64,0,0,0,
"02:09:31AM Nov 19, 2024",96,64,0,0,0,
"02:09:35AM Nov 19, 2024",96,63,0,0,0,
"02:09:39AM Nov 19, 2024",96,64,0,0,0,
"02:09:43AM Nov 19, 2024",96,64,0,0,0,
"02:09:47AM Nov 19, 2024",96,63,0,0,0,
"02:09:51AM Nov 19, 2024",96,63,0,0,0,
"02:09:55AM Nov 19, 2024",96,63,0,0,0,
"02:09:59AM Nov 19, 2024",96,62,0,0,0,
"02:10:03AM Nov 19, 2024",96,63,0,0,0,
"02:10:07AM Nov 19, 2024",96,63,0,0,0,
"02:10:11AM Nov 19, 2024",96,63,0,0,0,
"02:10:15AM Nov 19, 2024",96,63,0,0,0,
"02:10:19AM Nov 19, 2024",96,63,0,0,0,
"02:10:23AM Nov 19, 2024",96,63,0,0,0,
"02:10:27AM Nov 19, 2024",96,64,0,0,0,
"02:10:31AM Nov 19, 2024",96,65,0,0,0,
"02:10:35AM Nov 19, 2024",96,64,0,0,0,
"02:10:39AM Nov 19, 2024",96,63,0,0,0,
"02:10:43AM Nov 19, 2024",96,63,0,0,0,
"02:10:47AM Nov 19, 2024",96,64,0,0,0,
"02:10:51AM Nov 19, 2024",96,64,0,0,0,
"02:10:55AM Nov 19, 2024",96,64,0,0,0,
"02:10:59AM Nov 19, 2024",96,64,0,0,0,
"02:11:03AM Nov 19, 2024",96,64,0,0,0,
"02:11:07AM Nov 19, 2024",96,64,0,0,0,
"02:11:11AM Nov 19, 2024",96,64,0,0,0,
"02:11:15AM Nov 19, 2024",96,63,0,0,0,
"02:11:19AM Nov 19, 2024",96,65,0,0,0,
"02:11:23AM Nov 19, 2024",96,66,0,0,0,
"02:11:27AM Nov 19, 2024",96,66,0,0,0,
"02:11:31AM Nov 19, 2024",96,64,0,0,0,
"02:11:35AM Nov 19, 2024",96,62,0,0,0,
"02:11:39AM Nov 19, 2024",96,63,0,0,0,
"02:11:43AM Nov 19, 2024",96,65,0,0,0,
"02:11:47AM Nov 19, 2024",96,64,0,0,0,
"02:11:51AM Nov 19, 2024",96,63,0,0,0,
"02:11:55AM Nov 19, 2024",96,63,0,0,0,
"02:11:59AM Nov 19, 2024",96,65,0,0,0,
"02:12:03AM Nov 19, 2024",96,66,0,0,0,
"02:12:07AM Nov 19, 2024",96,64,0,0,0,
"02:12:11AM Nov 19, 2024",96,62,0,0,0,
"02:12:15AM Nov 19, 2024",96,62,0,0,0,
"02:12:19AM Nov 19, 2024",96,63,0,0,0,
"02:12:23AM Nov 19, 2024",96,64,0,0,0,
"02:12:27AM Nov 19, 2024",96,63,0,0,0,
"02:12:31AM Nov 19, 2024",96,62,0,0,0,
"02:12:35AM Nov 19, 2024",96,62,0,0,0,
"02:12:39AM Nov 19, 2024",96,63,0,0,0,
"02:12:43AM Nov 19, 2024",96,62,0,0,0,
"02:12:47AM Nov 19, 2024",96,63,0,0,0,
"02:12:51AM Nov 19, 2024",96,64,0,0,0,
"02:12:55AM Nov 19, 2024",96,64,0,0,0,
"02:12:59AM Nov 19, 2024",96,64,0,0,0,
"02:13:03AM Nov 19, 2024",96,64,0,0,0,
"02:13:07AM Nov 19, 2024",96,65,0,0,0,
"02:13:11AM Nov 19, 2024",95,65,0,0,0,
"02:13:15AM Nov 19, 2024",95,62,0,0,0,
"02:13:19AM Nov 19, 2024",96,61,0,0,0,
"02:13:23AM Nov 19, 2024",96,63,0,0,0,
"02:13:27AM Nov 19, 2024",96,63,0,0,0,
"02:13:31AM Nov 19, 2024",96,62,0,0,0,
"02:13:35AM Nov 19, 2024",96,62,0,0,0,
"02:13:39AM Nov 19, 2024",96,61,0,0,0,
"02:13:43AM Nov 19, 2024",96,62,0,0,0,
"02:13:47AM Nov 19, 2024",96,64,0,0,0,
"02:13:51AM Nov 19, 2024",96,65,0,0,0,
"02:13:55AM Nov 19, 2024",96,64,0,0,0,
"02:13:59AM Nov 19, 2024",96,64,0,0,0,
"02:14:03AM Nov 19, 2024",96,64,0,0,0,
"02:14:07AM Nov 19, 2024",96,64,0,0,0,
"02:14:11AM Nov 19, 2024",96,66,0,0,0,
"02:14:15AM Nov 19, 2024",96,67,0,0,0,
"02:14:19AM Nov 19, 2024",96,65,0,0,0,
"02:14:23AM Nov 19, 2024",96,65,0,0,0,
"02:14:27AM Nov 19, 2024",96,65,0,0,0,
"02:14:31AM Nov 19, 2024",96,64,0,0,0,
"02:14:35AM Nov 19, 2024",96,63,0,0,0,
"02:14:39AM Nov 19, 2024",96,62,0,0,0,
"02:14:43AM Nov 19, 2024",96,62,0,0,0,
"02:14:47AM Nov 19, 2024",96,63,0,0,0,
"02:14:51AM Nov 19, 2024",96,64,0,0,0,
"02:14:55AM Nov 19, 2024",96,63,0,0,0,
"02:14:59AM Nov 19, 2024",96,61,0,0,0,
"02:15:03AM Nov 19, 2024",96,61,0,0,0,
"02:15:07AM Nov 19, 2024",96,62,0,0,0,
"02:15:11AM Nov 19, 2024",96,63,0,0,0,
"02:15:15AM Nov 19, 2024",96,64,0,0,0,
"02:15:19AM Nov 19, 2024",96,63,0,0,0,
"02:15:23AM Nov 19, 2024",96,62,0,0,0,
"02:15:27AM Nov 19, 2024",96,62,0,0,0,
"02:15:31AM Nov 19, 2024",96,64,0,0,0,
"02:15:35AM Nov 19, 2024",96,65,0,0,0,
"02:15:39AM Nov 19, 2024",96,64,0,0,0,
"02:15:43AM Nov 19, 2024",96,63,0,0,0,
"02:15:47AM Nov 19, 2024",96,63,0,0,0,
"02:15:51AM Nov 19, 2024",96,64,0,0,0,
"02:15:55AM Nov 19, 2024",96,66,0,0,0,
"02:15:59AM Nov 19, 2024",96,65,0,0,0,
"02:16:03AM Nov 19, 2024",96,65,0,0,0,
"02:16:07AM Nov 19, 2024",96,64,0,0,0,
"02:16:11AM Nov 19, 2024",96,63,0,0,0,
"02:16:15AM Nov 19, 2024",96,64,0,0,0,
"02:16:19AM Nov 19, 2024",96,64,0,0,0,
"02:16:23AM Nov 19, 2024",96,64,0,0,0,
"02:16:27AM Nov 19, 2024",96,64,0,0,0,
"02:16:31AM Nov 19, 2024",96,65,0,0,0,
"02:16:35AM Nov 19, 2024",96,65,0,0,0,
"02:16:39AM Nov 19, 2024",96,65,0,0,0,
"02:16:43AM Nov 19, 2024",96,65,0,0,0,
"02:16:47AM Nov 19, 2024",96,65,0,0,0,
"02:16:51AM Nov 19, 2024",96,64,0,0,0,
"02:16:55AM Nov 19, 2024",96,60,0,0,0,
"02:16:59AM Nov 19, 2024",96,63,0,0,0,
"02:17:03AM Nov 19, 2024",96,64,0,0,0,
"02:17:07AM Nov 19, 2024",96,63,0,0,0,
"02:17:11AM Nov 19, 2024",96,62,0,0,0,
"02:17:15AM Nov 19, 2024",96,61,0,0,0,
"02:17:19AM Nov 19, 2024",96,64,0,0,0,
"02:17:23AM Nov 19, 2024",96,66,0,0,0,
"02:17:27AM Nov 19, 2024",96,65,0,0,0,
"02:17:31AM Nov 19, 2024",96,64,0,0,0,
"02:17:35AM Nov 19, 2024",96,65,0,0,0,
"02:17:39AM Nov 19, 2024",96,64,0,0,0,
"02:17:43AM Nov 19, 2024",96,62,0,0,0,
"02:17:47AM Nov 19, 2024",96,62,0,0,0,
"02:17:51AM Nov 19, 2024",96,63,0,0,0,
"02:17:55AM Nov 19, 2024",96,62,0,0,0,
"02:17:59AM Nov 19, 2024",96,64,0,0,0,
"02:18:03AM Nov 19, 2024",96,65,0,0,0,
"02:18:07AM Nov 19, 2024",96,64,0,0,0,
"02:18:11AM Nov 19, 2024",96,63,0,0,0,
"02:18:15AM Nov 19, 2024",96,62,0,0,0,
"02:18:19AM Nov 19, 2024",96,63,0,0,0,
"02:18:23AM Nov 19, 2024",96,65,0,0,0,
"02:18:27AM Nov 19, 2024",96,66,0,0,0,
"02:18:31AM Nov 19, 2024",96,64,0,0,0,
"02:18:35AM Nov 19, 2024",96,62,0,0,0,
"02:18:39AM Nov 19, 2024",96,63,0,0,0,
"02:18:43AM Nov 19, 2024",96,63,0,0,0,
"02:18:47AM Nov 19, 2024",96,62,0,0,0,
"02:18:51AM Nov 19, 2024",96,62,0,0,0,
"02:18:55AM Nov 19, 2024",96,63,0,0,0,
"02:18:59AM Nov 19, 2024",96,64,0,0,0,
"02:19:03AM Nov 19, 2024",96,63,0,0,0,
"02:19:07AM Nov 19, 2024",96,62,0,0,0,
"02:19:11AM Nov 19, 2024",96,63,0,0,0,
"02:19:15AM Nov 19, 2024",96,62,0,0,0,
"02:19:19AM Nov 19, 2024",96,63,0,0,0,
"02:19:23AM Nov 19, 2024",96,63,0,0,0,
"02:19:27AM Nov 19, 2024",96,63,0,0,0,
"02:19:31AM Nov 19, 2024",96,64,0,0,0,
"02:19:35AM Nov 19, 2024",96,65,0,0,0,
"02:19:39AM Nov 19, 2024",96,64,0,0,0,
"02:19:43AM Nov 19, 2024",96,63,0,0,0,
"02:19:47AM Nov 19, 2024",96,63,0,0,0,
"02:19:51AM Nov 19, 2024",96,63,0,0,0,
"02:19:55AM Nov 19, 2024",96,64,0,0,0,
"02:19:59AM Nov 19, 2024",96,64,0,0,0,
"02:20:03AM Nov 19, 2024",96,64,0,0,0,
"02:20:07AM Nov 19, 2024",96,63,0,0,0,
"02:20:11AM Nov 19, 2024",96,64,0,0,0,
"02:20:15AM Nov 19, 2024",96,65,0,0,0,
"02:20:19AM Nov 19, 2024",96,65,0,0,0,
"02:20:23AM Nov 19, 2024",96,64,0,0,0,
"02:20:27AM Nov 19, 2024",96,63,0,0,0,
"02:20:31AM Nov 19, 2024",96,63,0,0,0,
"02:20:35AM Nov 19, 2024",96,63,0,0,0,
"02:20:39AM Nov 19, 2024",96,64,0,0,0,
"02:20:43AM Nov 19, 2024",96,65,0,0,0,
"02:20:47AM Nov 19, 2024",96,65,0,0,0,
"02:20:51AM Nov 19, 2024",96,64,0,0,0,
"02:20:55AM Nov 19, 2024",96,64,0,0,0,
"02:20:59AM Nov 19, 2024",96,62,0,0,0,
"02:21:03AM Nov 19, 2024",96,62,0,0,0,
"02:21:07AM Nov 19, 2024",96,63,0,0,0,
"02:21:11AM Nov 19, 2024",96,64,0,0,0,
"02:21:15AM Nov 19, 2024",96,64,0,0,0,
"02:21:19AM Nov 19, 2024",96,63,0,0,0,
"02:21:23AM Nov 19, 2024",96,63,0,0,0,
"02:21:27AM Nov 19, 2024",96,64,0,0,0,
"02:21:31AM Nov 19, 2024",96,65,0,0,0,
"02:21:35AM Nov 19, 2024",96,64,0,0,0,
"02:21:39AM Nov 19, 2024",96,67,0,0,0,
"02:21:43AM Nov 19, 2024",95,67,0,0,0,
"02:21:47AM Nov 19, 2024",95,62,0,0,0,
"02:21:51AM Nov 19, 2024",96,60,0,0,0,
"02:21:55AM Nov 19, 2024",96,61,0,0,0,
"02:21:59AM Nov 19, 2024",96,61,0,0,0,
"02:22:03AM Nov 19, 2024",96,60,0,0,0,
"02:22:07AM Nov 19, 2024",96,60,0,0,0,
"02:22:11AM Nov 19, 2024",96,61,0,0,0,
"02:22:15AM Nov 19, 2024",96,63,0,0,0,
"02:22:19AM Nov 19, 2024",96,63,0,0,0,
"02:22:23AM Nov 19, 2024",96,62,0,0,0,
"02:22:27AM Nov 19, 2024",96,61,0,0,0,
"02:22:31AM Nov 19, 2024",96,61,0,0,0,
"02:22:35AM Nov 19, 2024",96,62,0,0,0,
"02:22:39AM Nov 19, 2024",96,61,0,0,0,
"02:22:43AM Nov 19, 2024",96,60,0,0,0,
"02:22:47AM Nov 19, 2024",96,61,0,0,0,
"02:22:51AM Nov 19, 2024",96,61,0,0,0,
"02:22:55AM Nov 19, 2024",96,61,0,0,0,
"02:22:59AM Nov 19, 2024",96,63,0,0,0,
"02:23:03AM Nov 19, 2024",96,62,0,0,0,
"02:23:07AM Nov 19, 2024",96,61,0,0,0,
"02:23:11AM Nov 19, 2024",96,62,0,0,0,
"02:23:15AM Nov 19, 2024",96,63,0,0,0,
"02:23:19AM Nov 19, 2024",96,63,0,0,0,
"02:23:23AM Nov 19, 2024",96,61,0,0,0,
"02:23:27AM Nov 19, 2024",96,60,0,0,0,
"02:23:31AM Nov 19, 2024",96,61,0,0,0,
"02:23:35AM Nov 19, 2024",96,62,0,0,0,
"02:23:39AM Nov 19, 2024",96,61,0,0,0,
"02:23:43AM Nov 19, 2024",96,61,0,0,0,
"02:23:47AM Nov 19, 2024",96,61,0,0,0,
"02:23:51AM Nov 19, 2024",96,62,0,0,0,
"02:23:55AM Nov 19, 2024",96,62,0,0,0,
"02:23:59AM Nov 19, 2024",96,63,0,0,0,
"02:24:03AM Nov 19, 2024",96,64,0,0,0,
"02:24:07AM Nov 19, 2024",96,64,0,0,0,
"02:24:11AM Nov 19, 2024",96,64,0,0,0,
"02:24:15AM Nov 19, 2024",96,62,0,0,0,
"02:24:19AM Nov 19, 2024",96,61,0,0,0,
"02:24:23AM Nov 19, 2024",96,61,0,0,0,
"02:24:27AM Nov 19, 2024",96,61,0,0,0,
"02:24:31AM Nov 19, 2024",96,62,0,0,0,
"02:24:35AM Nov 19, 2024",96,63,0,0,0,
"02:24:39AM Nov 19, 2024",96,63,0,0,0,
"02:24:43AM Nov 19, 2024",96,62,0,0,0,
"02:24:47AM Nov 19, 2024",96,62,0,0,0,
"02:24:51AM Nov 19, 2024",96,62,0,0,0,
"02:24:55AM Nov 19, 2024",96,63,0,0,0,
"02:24:59AM Nov 19, 2024",96,63,0,0,0,
"02:25:03AM Nov 19, 2024",96,62,0,0,0,
"02:25:07AM Nov 19, 2024",96,63,0,0,0,
"02:25:11AM Nov 19, 2024",96,66,4,0,0,
"02:25:15AM Nov 19, 2024",96,66,9,0,0,
"02:25:19AM Nov 19, 2024",96,66,28,0,0,
"02:25:23AM Nov 19, 2024",96,77,0,0,0,
"02:25:27AM Nov 19, 2024",96,88,0,0,0,
"02:25:31AM Nov 19, 2024",97,89,0,0,0,
"02:25:35AM Nov 19, 2024",97,81,0,0,0,
"02:25:39AM Nov 19, 2024",97,65,0,0,0,
"02:25:43AM Nov 19, 2024",97,57,0,0,0,
"02:25:47AM Nov 19, 2024",97,55,0,0,0,
"02:25:51AM Nov 19, 2024",96,60,0,0,0,
"02:25:55AM Nov 19, 2024",96,66,0,0,0,
"02:25:59AM Nov 19, 2024",96,62,0,0,0,
"02:26:03AM Nov 19, 2024",96,61,0,0,0,
"02:26:07AM Nov 19, 2024",97,61,0,0,0,
"02:26:11AM Nov 19, 2024",97,56,0,0,0,
"02:26:15AM Nov 19, 2024",97,54,0,0,0,
"02:26:19AM Nov 19, 2024",97,56,0,0,0,
"02:26:23AM Nov 19, 2024",97,59,0,0,0,
"02:26:27AM Nov 19, 2024",96,60,0,0,0,
"02:26:31AM Nov 19, 2024",96,60,0,0,0,
"02:26:35AM Nov 19, 2024",96,59,0,0,0,
"02:26:39AM Nov 19, 2024",96,59,0,0,0,
"02:26:43AM Nov 19, 2024",96,63,0,0,0,
"02:26:47AM Nov 19, 2024",96,63,0,0,0,
"02:26:51AM Nov 19, 2024",96,56,0,0,0,
"02:26:55AM Nov 19, 2024",96,54,0,0,0,
"02:26:59AM Nov 19, 2024",96,56,0,0,0,
"02:27:03AM Nov 19, 2024",96,58,0,0,0,
"02:27:07AM Nov 19, 2024",96,59,0,0,0,
"02:27:11AM Nov 19, 2024",96,62,0,0,0,
"02:27:15AM Nov 19, 2024",95,66,0,0,0,
"02:27:19AM Nov 19, 2024",94,71,12,0,0,
"02:27:23AM Nov 19, 2024",93,76,0,0,0,
"02:27:27AM Nov 19, 2024",93,78,0,0,0,
"02:27:31AM Nov 19, 2024",94,70,0,0,0,
"02:27:35AM Nov 19, 2024",96,62,0,0,0,
"02:27:39AM Nov 19, 2024",97,56,0,0,0,
"02:27:43AM Nov 19, 2024",97,55,0,0,0,
"02:27:47AM Nov 19, 2024",97,57,0,0,0,
"02:27:51AM Nov 19, 2024",97,57,0,0,0,
"02:27:55AM Nov 19, 2024",96,56,0,0,0,
"02:27:59AM Nov 19, 2024",96,56,0,0,0,
"02:28:03AM Nov 19, 2024",96,57,0,0,0,
"02:28:07AM Nov 19, 2024",96,58,0,0,0,
"02:28:11AM Nov 19, 2024",96,58,0,0,0,
"02:28:15AM Nov 19, 2024",96,59,0,0,0,
"02:28:19AM Nov 19, 2024",95,58,0,0,0,
"02:28:23AM Nov 19, 2024",95,55,0,0,0,
"02:28:27AM Nov 19, 2024",95,54,0,0,0,
"02:28:31AM Nov 19, 2024",95,57,0,0,0,
"02:28:35AM Nov 19, 2024",95,59,0,0,0,
"02:28:39AM Nov 19, 2024",95,59,0,0,0,
"02:28:43AM Nov 19, 2024",95,59,0,0,0,
"02:28:47AM Nov 19, 2024",95,59,0,0,0,
"02:28:51AM Nov 19, 2024",95,60,0,0,0,
"02:28:55AM Nov 19, 2024",94,60,0,0,0,
"02:28:59AM Nov 19, 2024",94,61,0,0,0,
"02:29:03AM Nov 19, 2024",94,60,0,0,0,
"02:29:07AM Nov 19, 2024",94,59,0,0,0,
"02:29:11AM Nov 19, 2024",94,61,0,0,0,
"02:29:15AM Nov 19, 2024",94,62,0,0,0,
"02:29:19AM Nov 19, 2024",94,64,0,0,0,
"02:29:23AM Nov 19, 2024",93,67,0,0,0,
"02:29:27AM Nov 19, 2024",93,70,0,0,0,
"02:29:31AM Nov 19, 2024",93,71,2,0,0,
"02:29:35AM Nov 19, 2024",93,71,77,0,0,
"02:29:39AM Nov 19, 2024",94,71,0,0,0,
"02:29:43AM Nov 19, 2024",96,79,0,0,0,
"02:29:47AM Nov 19, 2024",97,85,0,0,0,
"02:29:51AM Nov 19, 2024",97,80,0,0,0,
"02:29:55AM Nov 19, 2024",97,70,0,0,0,
"02:29:59AM Nov 19, 2024",97,60,0,0,0,
"02:30:03AM Nov 19, 2024",97,57,0,0,0,
"02:30:07AM Nov 19, 2024",97,55,0,0,0,
"02:30:11AM Nov 19, 2024",97,54,0,0,0,
"02:30:15AM Nov 19, 2024",97,54,0,0,0,
"02:30:19AM Nov 19, 2024",97,55,0,0,0,
"02:30:23AM Nov 19, 2024",97,55,0,0,0,
"02:30:27AM Nov 19, 2024",97,54,0,0,0,
"02:30:31AM Nov 19, 2024",97,55,0,0,0,
"02:30:35AM Nov 19, 2024",97,56,0,0,0,
"02:30:39AM Nov 19, 2024",97,57,0,0,0,
"02:30:43AM Nov 19, 2024",97,57,0,0,0,
"02:30:47AM Nov 19, 2024",97,57,0,0,0,
"02:30:51AM Nov 19, 2024",97,56,0,0,0,
"02:30:55AM Nov 19, 2024",97,55,0,0,0,
"02:30:59AM Nov 19, 2024",97,53,0,0,0,
"02:31:03AM Nov 19, 2024",97,55,0,0,0,
"02:31:07AM Nov 19, 2024",97,56,0,0,0,
"02:31:11AM Nov 19, 2024",97,56,0,0,0,
"02:31:15AM Nov 19, 2024",97,56,0,0,0,
"02:31:19AM Nov 19, 2024",97,56,0,0,0,
"02:31:23AM Nov 19, 2024",97,56,0,0,0,
"02:31:27AM Nov 19, 2024",97,55,0,0,0,
"02:31:31AM Nov 19, 2024",97,56,0,0,0,
"02:31:35AM Nov 19, 2024",97,58,0,0,0,
"02:31:39AM Nov 19, 2024",97,58,0,0,0,
"02:31:43AM Nov 19, 2024",97,62,0,0,0,
"02:31:47AM Nov 19, 2024",97,65,0,0,0,
"02:31:51AM Nov 19, 2024",97,64,0,0,0,
"02:31:55AM Nov 19, 2024",96,59,0,0,0,
"02:31:59AM Nov 19, 2024",97,52,0,0,0,
"02:32:03AM Nov 19, 2024",97,54,0,0,0,
"02:32:07AM Nov 19, 2024",97,56,3,0,0,
"02:32:11AM Nov 19, 2024",97,64,0,0,0,
"02:32:15AM Nov 19, 2024",96,70,0,0,0,
"02:32:19AM Nov 19, 2024",96,72,0,0,0,
"02:32:23AM Nov 19, 2024",96,74,0,0,0,
"02:32:27AM Nov 19, 2024",96,74,0,0,0,
"02:32:31AM Nov 19, 2024",97,72,0,0,0,
"02:32:35AM Nov 19, 2024",97,70,0,0,0,
"02:32:39AM Nov 19, 2024",97,64,0,0,0,
"02:32:43AM Nov 19, 2024",97,60,0,0,0,
"02:32:47AM Nov 19, 2024",97,58,0,0,0,
"02:32:51AM Nov 19, 2024",97,56,0,0,0,
"02:32:55AM Nov 19, 2024",97,54,0,0,0,
"02:32:59AM Nov 19, 2024",97,56,0,0,0,
"02:33:03AM Nov 19, 2024",97,58,0,0,0,
"02:33:07AM Nov 19, 2024",97,61,0,0,0,
"02:33:11AM Nov 19, 2024",97,58,0,0,0,
"02:33:15AM Nov 19, 2024",96,50,0,0,0,
"02:33:19AM Nov 19, 2024",96,51,0,0,0,
"02:33:23AM Nov 19, 2024",97,54,0,0,0,
"02:33:27AM Nov 19, 2024",97,56,0,0,0,
"02:33:31AM Nov 19, 2024",97,55,0,0,0,
"02:33:35AM Nov 19, 2024",97,55,0,0,0,
"02:33:39AM Nov 19, 2024",97,56,0,0,0,
"02:33:43AM Nov 19, 2024",97,56,0,0,0,
"02:33:47AM Nov 19, 2024",96,59,0,0,0,
"02:33:51AM Nov 19, 2024",96,61,0,0,0,
"02:33:55AM Nov 19, 2024",96,58,0,0,0,
"02:33:59AM Nov 19, 2024",96,56,0,0,0,
"02:34:03AM Nov 19, 2024",96,55,0,0,0,
"02:34:07AM Nov 19, 2024",96,57,0,0,0,
"02:34:11AM Nov 19, 2024",96,60,0,0,0,
"02:34:15AM Nov 19, 2024",96,61,0,0,0,
"02:34:19AM Nov 19, 2024",96,60,0,0,0,
"02:34:23AM Nov 19, 2024",96,59,0,0,0,
"02:34:27AM Nov 19, 2024",96,60,0,0,0,
"02:34:31AM Nov 19, 2024",96,59,0,0,0,
"02:34:35AM Nov 19, 2024",95,58,0,0,0,
"02:34:39AM Nov 19, 2024",95,60,0,0,0,
"02:34:43AM Nov 19, 2024",95,61,0,0,0,
"02:34:47AM Nov 19, 2024",95,61,0,0,0,
"02:34:51AM Nov 19, 2024",96,62,0,0,0,
"02:34:55AM Nov 19, 2024",96,64,0,0,0,
"02:34:59AM Nov 19, 2024",96,64,0,0,0,
"02:35:03AM Nov 19, 2024",95,58,0,0,0,
"02:35:07AM Nov 19, 2024",95,59,0,0,0,
"02:35:11AM Nov 19, 2024",95,59,0,0,0,
"02:35:15AM Nov 19, 2024",96,57,0,0,0,
"02:35:19AM Nov 19, 2024",97,57,0,0,0,
"02:35:23AM Nov 19, 2024",97,58,0,0,0,
"02:35:27AM Nov 19, 2024",97,61,0,0,0,
"02:35:31AM Nov 19, 2024",97,60,0,0,0,
"02:35:35AM Nov 19, 2024",97,56,0,0,0,
"02:35:39AM Nov 19, 2024",97,60,0,0,0,
"02:35:43AM Nov 19, 2024",96,67,0,0,0,
"02:35:47AM Nov 19, 2024",96,64,0,0,0,
"02:35:51AM Nov 19, 2024",96,61,0,0,0,
"02:35:55AM Nov 19, 2024",97,57,0,0,0,
"02:35:59AM Nov 19, 2024",97,59,0,0,0,
"02:36:03AM Nov 19, 2024",97,60,0,0,0,
"02:36:07AM Nov 19, 2024",97,60,0,0,0,
"02:36:11AM Nov 19, 2024",97,60,0,0,0,
"02:36:15AM Nov 19, 2024",97,60,0,0,0,
"02:36:19AM Nov 19, 2024",96,60,0,0,0,
"02:36:23AM Nov 19, 2024",95,62,0,0,0,
"02:36:27AM Nov 19, 2024",96,65,0,0,0,
"02:36:31AM Nov 19, 2024",96,66,0,0,0,
"02:36:35AM Nov 19, 2024",96,65,0,0,0,
"02:36:39AM Nov 19, 2024",96,65,0,0,0,
"02:36:43AM Nov 19, 2024",96,64,0,0,0,
"02:36:47AM Nov 19, 2024",97,64,0,0,0,
"02:36:51AM Nov 19, 2024",97,64,0,0,0,
"02:36:55AM Nov 19, 2024",97,63,0,0,0,
"02:36:59AM Nov 19, 2024",97,63,0,0,0,
"02:37:03AM Nov 19, 2024",97,65,0,0,0,
"02:37:07AM Nov 19, 2024",97,65,0,0,0,
"02:37:11AM Nov 19, 2024",96,66,0,0,0,
"02:37:15AM Nov 19, 2024",96,65,0,0,0,
"02:37:19AM Nov 19, 2024",95,63,0,0,0,
"02:37:23AM Nov 19, 2024",95,62,0,0,0,
"02:37:27AM Nov 19, 2024",95,63,0,0,0,
"02:37:31AM Nov 19, 2024",96,64,0,0,0,
"02:37:35AM Nov 19, 2024",96,62,0,0,0,
"02:37:39AM Nov 19, 2024",96,62,0,0,0,
"02:37:43AM Nov 19, 2024",96,62,0,0,0,
"02:37:47AM Nov 19, 2024",95,61,0,0,0,
"02:37:51AM Nov 19, 2024",95,62,0,0,0,
"02:37:55AM Nov 19, 2024",95,65,0,0,0,
"02:37:59AM Nov 19, 2024",95,67,0,0,0,
"02:38:03AM Nov 19, 2024",94,70,0,0,0,
"02:38:07AM Nov 19, 2024",94,70,0,0,0,
"02:38:11AM Nov 19, 2024",95,69,0,0,0,
"02:38:15AM Nov 19, 2024",96,66,0,0,0,
"02:38:19AM Nov 19, 2024",96,67,0,0,0,
"02:38:23AM Nov 19, 2024",96,68,0,0,0,
"02:38:27AM Nov 19, 2024",96,69,0,0,0,
"02:38:31AM Nov 19, 2024",96,71,0,0,0,
"02:38:35AM Nov 19, 2024",96,67,0,0,0,
"02:38:39AM Nov 19, 2024",96,62,0,0,0,
"02:38:43AM Nov 19, 2024",96,60,0,0,0,
"02:38:47AM Nov 19, 2024",97,63,0,0,0,
"02:38:51AM Nov 19, 2024",97,66,0,0,0,
"02:38:55AM Nov 19, 2024",97,67,0,0,0,
"02:38:59AM Nov 19, 2024",97,68,0,0,0,
"02:39:03AM Nov 19, 2024",97,70,0,0,0,
"02:39:07AM Nov 19, 2024",95,72,0,0,0,
"02:39:11AM Nov 19, 2024",94,66,0,0,0,
"02:39:15AM Nov 19, 2024",94,58,0,0,0,
"02:39:19AM Nov 19, 2024",95,59,0,0,0,
"02:39:23AM Nov 19, 2024",97,65,0,0,0,
"02:39:27AM Nov 19, 2024",97,72,0,0,0,
"02:39:31AM Nov 19, 2024",97,72,0,0,0,
"02:39:35AM Nov 19, 2024",97,65,0,0,0,
"02:39:39AM Nov 19, 2024",97,63,0,0,0,
"02:39:43AM Nov 19, 2024",97,64,0,0,0,
"02:39:47AM Nov 19, 2024",97,64,0,0,0,
"02:39:51AM Nov 19, 2024",97,63,0,0,0,
"02:39:55AM Nov 19, 2024",97,64,0,0,0,
"02:39:59AM Nov 19, 2024",97,68,0,0,0,
"02:40:03AM Nov 19, 2024",97,68,0,0,0,
"02:40:07AM Nov 19, 2024",97,64,0,0,0,
"02:40:11AM Nov 19, 2024",97,59,0,0,0,
"02:40:15AM Nov 19, 2024",97,61,0,0,0,
"02:40:19AM Nov 19, 2024",97,63,0,0,0,
"02:40:23AM Nov 19, 2024",98,62,0,0,0,
"02:40:27AM Nov 19, 2024",97,60,0,0,0,
"02:40:31AM Nov 19, 2024",97,61,0,0,0,
"02:40:35AM Nov 19, 2024",97,63,0,0,0,
"02:40:39AM Nov 19, 2024",96,61,0,0,0,
"02:40:43AM Nov 19, 2024",96,60,0,0,0,
"02:40:47AM Nov 19, 2024",96,60,0,0,0,
"02:40:51AM Nov 19, 2024",97,60,0,0,0,
"02:40:55AM Nov 19, 2024",97,61,0,0,0,
"02:40:59AM Nov 19, 2024",97,64,0,0,0,
"02:41:03AM Nov 19, 2024",97,72,0,0,0,
"02:41:07AM Nov 19, 2024",95,80,0,0,0,
"02:41:11AM Nov 19, 2024",95,76,0,0,0,
"02:41:15AM Nov 19, 2024",94,65,32,0,0,
"02:41:19AM Nov 19, 2024",94,65,10,0,0,
"02:41:23AM Nov 19, 2024",94,65,7,0,0,
"02:41:27AM Nov 19, 2024",94,59,13,0,0,
"02:41:31AM Nov 19, 2024",95,63,4,0,0,
"02:41:35AM Nov 19, 2024",96,78,0,0,0,
"02:41:39AM Nov 19, 2024",97,83,0,0,0,
"02:41:43AM Nov 19, 2024",97,63,0,0,0,
"02:41:47AM Nov 19, 2024",96,50,0,0,0,
"02:41:51AM Nov 19, 2024",96,49,0,0,0,
"02:41:55AM Nov 19, 2024",97,52,0,0,0,
"02:41:59AM Nov 19, 2024",97,53,0,0,0,
"02:42:03AM Nov 19, 2024",97,51,0,0,0,
"02:42:07AM Nov 19, 2024",97,52,0,0,0,
"02:42:11AM Nov 19, 2024",97,54,0,0,0,
"02:42:15AM Nov 19, 2024",97,54,0,0,0,
"02:42:19AM Nov 19, 2024",97,55,0,0,0,
"02:42:23AM Nov 19, 2024",96,56,0,0,0,
"02:42:27AM Nov 19, 2024",96,56,0,0,0,
"02:42:31AM Nov 19, 2024",96,57,0,0,0,
"02:42:35AM Nov 19, 2024",96,57,0,0,0,
"02:42:39AM Nov 19, 2024",96,58,0,0,0,
"02:42:43AM Nov 19, 2024",96,58,0,0,0,
"02:42:47AM Nov 19, 2024",96,58,0,0,0,
"02:42:51AM Nov 19, 2024",96,58,0,0,0,
"02:42:55AM Nov 19, 2024",96,58,0,0,0,
"02:42:59AM Nov 19, 2024",96,59,0,0,0,
"02:43:03AM Nov 19, 2024",96,58,0,0,0,
"02:43:07AM Nov 19, 2024",96,58,0,0,0,
"02:43:11AM Nov 19, 2024",96,58,0,0,0,
"02:43:15AM Nov 19, 2024",96,58,0,0,0,
"02:43:19AM Nov 19, 2024",96,58,0,0,0,
"02:43:23AM Nov 19, 2024",96,58,0,0,0,
"02:43:27AM Nov 19, 2024",96,59,0,0,0,
"02:43:31AM Nov 19, 2024",96,59,0,0,0,
"02:43:35AM Nov 19, 2024",96,59,0,0,0,
"02:43:39AM Nov 19, 2024",96,59,0,0,0,
"02:43:43AM Nov 19, 2024",96,57,0,0,0,
"02:43:47AM Nov 19, 2024",96,58,0,0,0,
"02:43:51AM Nov 19, 2024",96,57,0,0,0,
"02:43:55AM Nov 19, 2024",96,55,0,0,0,
"02:43:59AM Nov 19, 2024",96,55,0,0,0,
"02:44:03AM Nov 19, 2024",96,58,0,0,0,
"02:44:07AM Nov 19, 2024",96,59,0,0,0,
"02:44:11AM Nov 19, 2024",96,59,0,0,0,
"02:44:15AM Nov 19, 2024",96,58,0,0,0,
"02:44:19AM Nov 19, 2024",96,59,0,0,0,
"02:44:23AM Nov 19, 2024",96,60,0,0,0,
"02:44:27AM Nov 19, 2024",96,59,0,0,0,
"02:44:31AM Nov 19, 2024",96,57,0,0,0,
"02:44:35AM Nov 19, 2024",95,60,0,0,0,
"02:44:39AM Nov 19, 2024",95,61,0,0,0,
"02:44:43AM Nov 19, 2024",95,58,0,0,0,
"02:44:47AM Nov 19, 2024",95,58,0,0,0,
"02:44:51AM Nov 19, 2024",95,59,0,0,0,
"02:44:55AM Nov 19, 2024",95,59,0,0,0,
"02:44:59AM Nov 19, 2024",95,61,0,0,0,
"02:45:03AM Nov 19, 2024",96,61,0,0,0,
"02:45:07AM Nov 19, 2024",96,59,0,0,0,
"02:45:11AM Nov 19, 2024",95,60,0,0,0,
"02:45:15AM Nov 19, 2024",95,60,0,0,0,
"02:45:19AM Nov 19, 2024",96,59,0,0,0,
"02:45:23AM Nov 19, 2024",96,60,0,0,0,
"02:45:27AM Nov 19, 2024",96,61,0,0,0,
"02:45:31AM Nov 19, 2024",96,61,0,0,0,
"02:45:35AM Nov 19, 2024",96,63,0,0,0,
"02:45:39AM Nov 19, 2024",96,62,0,0,0,
"02:45:43AM Nov 19, 2024",96,59,0,0,0,
"02:45:47AM Nov 19, 2024",96,57,0,0,0,
"02:45:51AM Nov 19, 2024",96,59,0,0,0,
"02:45:55AM Nov 19, 2024",96,61,0,0,0,
"02:45:59AM Nov 19, 2024",96,61,0,0,0,
"02:46:03AM Nov 19, 2024",96,61,0,0,0,
"02:46:07AM Nov 19, 2024",96,61,0,0,0,
"02:46:11AM Nov 19, 2024",96,62,0,0,0,
"02:46:15AM Nov 19, 2024",96,62,0,0,0,
"02:46:19AM Nov 19, 2024",96,62,0,0,0,
"02:46:23AM Nov 19, 2024",96,64,0,0,0,
"02:46:27AM Nov 19, 2024",96,62,0,0,0,
"02:46:31AM Nov 19, 2024",96,57,0,0,0,
"02:46:35AM Nov 19, 2024",96,56,0,0,0,
"02:46:39AM Nov 19, 2024",96,58,0,0,0,
"02:46:43AM Nov 19, 2024",97,59,0,0,0,
"02:46:47AM Nov 19, 2024",97,58,0,0,0,
"02:46:51AM Nov 19, 2024",97,58,0,0,0,
"02:46:55AM Nov 19, 2024",97,58,0,0,0,
"02:46:59AM Nov 19, 2024",97,58,0,0,0,
"02:47:03AM Nov 19, 2024",97,58,0,0,0,
"02:47:07AM Nov 19, 2024",96,57,0,0,0,
"02:47:11AM Nov 19, 2024",96,58,0,0,0,
"02:47:15AM Nov 19, 2024",96,59,0,0,0,
"02:47:19AM Nov 19, 2024",96,59,0,0,0,
"02:47:23AM Nov 19, 2024",96,57,0,0,0,
"02:47:27AM Nov 19, 2024",96,58,0,0,0,
"02:47:31AM Nov 19, 2024",95,60,0,0,0,
"02:47:35AM Nov 19, 2024",95,61,0,0,0,
"02:47:39AM Nov 19, 2024",96,60,0,0,0,
"02:47:43AM Nov 19, 2024",96,59,0,0,0,
"02:47:47AM Nov 19, 2024",96,58,0,0,0,
"02:47:51AM Nov 19, 2024",96,59,0,0,0,
"02:47:55AM Nov 19, 2024",96,60,0,0,0,
"02:47:59AM Nov 19, 2024",96,60,0,0,0,
"02:48:03AM Nov 19, 2024",96,59,0,0,0,
"02:48:07AM Nov 19, 2024",96,59,0,0,0,
"02:48:11AM Nov 19, 2024",96,60,0,0,0,
"02:48:15AM Nov 19, 2024",95,62,0,0,0,
"02:48:19AM Nov 19, 2024",95,63,0,0,0,
"02:48:23AM Nov 19, 2024",96,63,0,0,0,
"02:48:27AM Nov 19, 2024",96,63,0,0,0,
"02:48:31AM Nov 19, 2024",96,63,0,0,0,
"02:48:35AM Nov 19, 2024",96,63,0,0,0,
"02:48:39AM Nov 19, 2024",96,66,0,0,0,
"02:48:43AM Nov 19, 2024",95,66,0,0,0,
"02:48:47AM Nov 19, 2024",94,65,0,0,0,
"02:48:51AM Nov 19, 2024",94,62,0,0,0,
"02:48:55AM Nov 19, 2024",94,60,0,0,0,
"02:48:59AM Nov 19, 2024",95,62,0,0,0,
"02:49:03AM Nov 19, 2024",95,63,0,0,0,
"02:49:07AM Nov 19, 2024",94,67,0,0,0,
"02:49:11AM Nov 19, 2024",94,67,6,0,0,
"02:49:15AM Nov 19, 2024",94,67,41,0,0,
"02:49:19AM Nov 19, 2024",94,67,24,0,0,
"02:49:23AM Nov 19, 2024",94,67,26,0,0,
"02:49:27AM Nov 19, 2024",94,67,20,0,0,
"02:49:31AM Nov 19, 2024",94,67,15,0,0,
"02:49:35AM Nov 19, 2024",94,67,11,0,0,
"02:49:39AM Nov 19, 2024",94,67,37,0,0,
"02:49:43AM Nov 19, 2024",93,64,25,0,0,
"02:49:47AM Nov 19, 2024",93,64,40,0,0,
"02:49:51AM Nov 19, 2024",94,68,7,0,0,
"02:49:55AM Nov 19, 2024",96,73,0,0,0,
"02:49:59AM Nov 19, 2024",97,73,0,0,0,
"02:50:03AM Nov 19, 2024",97,58,0,0,0,
"02:50:07AM Nov 19, 2024",97,56,0,0,0,
"02:50:11AM Nov 19, 2024",97,56,0,0,0,
"02:50:15AM Nov 19, 2024",97,57,0,0,0,
"02:50:19AM Nov 19, 2024",97,59,0,0,0,
"02:50:23AM Nov 19, 2024",96,60,7,0,0,
"02:50:27AM Nov 19, 2024",96,59,2,0,0,
"02:50:31AM Nov 19, 2024",95,67,2,0,0,
"02:50:35AM Nov 19, 2024",95,78,9,0,0,
"02:50:39AM Nov 19, 2024",95,88,7,0,0,
"02:50:43AM Nov 19, 2024",95,89,7,0,0,
"02:50:47AM Nov 19, 2024",95,89,4,0,0,
"02:50:51AM Nov 19, 2024",97,90,0,0,0,
"02:50:55AM Nov 19, 2024",97,74,0,0,0,
"02:50:59AM Nov 19, 2024",97,65,22,0,0,
"02:51:03AM Nov 19, 2024",97,62,13,0,0,
"02:51:07AM Nov 19, 2024",97,62,0,0,0,
"02:51:11AM Nov 19, 2024",97,63,0,0,0,
"02:51:15AM Nov 19, 2024",97,62,0,0,0,
"02:51:19AM Nov 19, 2024",97,62,0,0,0,
"02:51:23AM Nov 19, 2024",97,61,0,0,0,
"02:51:27AM Nov 19, 2024",96,61,0,0,0,
"02:51:31AM Nov 19, 2024",96,61,0,0,0,
"02:51:35AM Nov 19, 2024",96,63,0,0,0,
"02:51:39AM Nov 19, 2024",96,63,0,0,0,
"02:51:43AM Nov 19, 2024",96,64,0,0,0,
"02:51:47AM Nov 19, 2024",96,65,0,0,0,
"02:51:51AM Nov 19, 2024",97,65,0,0,0,
"02:51:55AM Nov 19, 2024",96,64,0,0,0,
"02:51:59AM Nov 19, 2024",96,64,0,0,0,
"02:52:03AM Nov 19, 2024",96,64,0,0,0,
"02:52:07AM Nov 19, 2024",96,64,0,0,0,
"02:52:11AM Nov 19, 2024",95,64,0,0,0,
"02:52:15AM Nov 19, 2024",95,64,0,0,0,
"02:52:19AM Nov 19, 2024",95,62,0,0,0,
"02:52:23AM Nov 19, 2024",96,63,0,0,0,
"02:52:27AM Nov 19, 2024",96,63,0,0,0,
"02:52:31AM Nov 19, 2024",96,61,0,0,0,
"02:52:35AM Nov 19, 2024",96,64,0,0,0,
"02:52:39AM Nov 19, 2024",95,65,0,0,0,
"02:52:43AM Nov 19, 2024",94,63,0,0,0,
"02:52:47AM Nov 19, 2024",95,64,0,0,0,
"02:52:51AM Nov 19, 2024",96,65,10,0,0,
"02:52:55AM Nov 19, 2024",96,67,0,0,0,
"02:52:59AM Nov 19, 2024",95,67,0,0,0,
"02:53:03AM Nov 19, 2024",95,64,0,0,0,
"02:53:07AM Nov 19, 2024",96,62,0,0,0,
"02:53:11AM Nov 19, 2024",96,61,0,0,0,
"02:53:15AM Nov 19, 2024",97,62,0,0,0,
"02:53:19AM Nov 19, 2024",96,62,0,0,0,
"02:53:23AM Nov 19, 2024",96,60,0,0,0,
"02:53:27AM Nov 19, 2024",96,61,0,0,0,
"02:53:31AM Nov 19, 2024",96,61,0,0,0,
"02:53:35AM Nov 19, 2024",96,59,0,0,0,
"02:53:39AM Nov 19, 2024",96,60,0,0,0,
"02:53:43AM Nov 19, 2024",96,61,0,0,0,
"02:53:47AM Nov 19, 2024",94,64,1,0,0,
"02:53:51AM Nov 19, 2024",93,67,12,0,0,
"02:53:55AM Nov 19, 2024",93,67,18,0,0,
"02:53:59AM Nov 19, 2024",93,67,14,0,0,
"02:54:03AM Nov 19, 2024",93,68,2,0,0,
"02:54:07AM Nov 19, 2024",95,74,0,0,0,
"02:54:11AM Nov 19, 2024",97,72,0,0,0,
"02:54:15AM Nov 19, 2024",97,66,0,0,0,
"02:54:19AM Nov 19, 2024",97,61,0,0,0,
"02:54:23AM Nov 19, 2024",96,58,0,0,0,
"02:54:27AM Nov 19, 2024",96,58,0,0,0,
"02:54:31AM Nov 19, 2024",96,59,0,0,0,
"02:54:35AM Nov 19, 2024",96,63,0,0,0,
"02:54:39AM Nov 19, 2024",95,63,0,0,0,
"02:54:43AM Nov 19, 2024",94,65,3,0,0,
"02:54:47AM Nov 19, 2024",94,71,0,0,0,
"02:54:51AM Nov 19, 2024",95,71,0,0,0,
"02:54:55AM Nov 19, 2024",96,64,0,0,0,
"02:54:59AM Nov 19, 2024",96,59,0,0,0,
"02:55:03AM Nov 19, 2024",97,57,0,0,0,
"02:55:07AM Nov 19, 2024",96,57,0,0,0,
"02:55:11AM Nov 19, 2024",96,58,0,0,0,
"02:55:15AM Nov 19, 2024",96,60,0,0,0,
"02:55:19AM Nov 19, 2024",95,59,0,0,0,
"02:55:23AM Nov 19, 2024",95,57,0,0,0,
"02:55:27AM Nov 19, 2024",95,58,0,0,0,
"02:55:31AM Nov 19, 2024",95,61,0,0,0,
"02:55:35AM Nov 19, 2024",94,62,0,0,0,
"02:55:39AM Nov 19, 2024",94,59,0,0,0,
"02:55:43AM Nov 19, 2024",94,56,0,0,0,
"02:55:47AM Nov 19, 2024",95,59,0,0,0,
"02:55:51AM Nov 19, 2024",96,60,0,0,0,
"02:55:55AM Nov 19, 2024",96,59,0,0,0,
"02:55:59AM Nov 19, 2024",95,59,0,0,0,
"02:56:03AM Nov 19, 2024",94,58,0,0,0,
"02:56:07AM Nov 19, 2024",94,57,0,0,0,
"02:56:11AM Nov 19, 2024",94,58,0,0,0,
"02:56:15AM Nov 19, 2024",94,59,0,0,0,
"02:56:19AM Nov 19, 2024",94,59,0,0,0,
"02:56:23AM Nov 19, 2024",94,60,0,0,0,
"02:56:27AM Nov 19, 2024",94,63,0,0,0,
"02:56:31AM Nov 19, 2024",94,63,0,0,0,
"02:56:35AM Nov 19, 2024",94,65,0,0,0,
"02:56:39AM Nov 19, 2024",94,63,0,0,0,
"02:56:43AM Nov 19, 2024",95,61,0,0,0,
"02:56:47AM Nov 19, 2024",96,64,0,0,0,
"02:56:51AM Nov 19, 2024",97,69,0,0,0,
"02:56:55AM Nov 19, 2024",96,73,0,0,0,
"02:56:59AM Nov 19, 2024",96,71,0,0,0,
"02:57:03AM Nov 19, 2024",96,62,0,0,0,
"02:57:07AM Nov 19, 2024",97,57,0,0,0,
"02:57:11AM Nov 19, 2024",96,57,0,0,0,
"02:57:15AM Nov 19, 2024",96,58,0,0,0,
"02:57:19AM Nov 19, 2024",95,61,0,0,0,
"02:57:23AM Nov 19, 2024",95,61,4,0,0,
"02:57:27AM Nov 19, 2024",95,61,9,0,0,
"02:57:31AM Nov 19, 2024",94,67,0,0,0,
"02:57:35AM Nov 19, 2024",95,67,0,0,0,
"02:57:39AM Nov 19, 2024",96,61,0,0,0,
"02:57:43AM Nov 19, 2024",97,58,0,0,0,
"02:57:47AM Nov 19, 2024",97,58,0,0,0,
"02:57:51AM Nov 19, 2024",97,60,0,0,0,
"02:57:55AM Nov 19, 2024",96,64,0,0,0,
"02:57:59AM Nov 19, 2024",95,63,0,0,0,
"02:58:03AM Nov 19, 2024",94,54,0,0,0,
"02:58:07AM Nov 19, 2024",95,53,0,0,0,
"02:58:11AM Nov 19, 2024",97,57,0,0,0,
"02:58:15AM Nov 19, 2024",97,59,0,0,0,
"02:58:19AM Nov 19, 2024",97,60,0,0,0,
"02:58:23AM Nov 19, 2024",96,58,0,0,0,
"02:58:27AM Nov 19, 2024",95,55,0,0,0,
"02:58:31AM Nov 19, 2024",95,56,0,0,0,
"02:58:35AM Nov 19, 2024",95,57,0,0,0,
"02:58:39AM Nov 19, 2024",95,56,0,0,0,
"02:58:43AM Nov 19, 2024",95,56,0,0,0,
"02:58:47AM Nov 19, 2024",95,56,0,0,0,
"02:58:51AM Nov 19, 2024",96,56,0,0,0,
"02:58:55AM Nov 19, 2024",96,57,0,0,0,
"02:58:59AM Nov 19, 2024",96,59,0,0,0,
"02:59:03AM Nov 19, 2024",95,60,0,0,0,
"02:59:07AM Nov 19, 2024",95,58,0,0,0,
"02:59:11AM Nov 19, 2024",94,58,0,0,0,
"02:59:15AM Nov 19, 2024",94,64,0,0,0,
"02:59:19AM Nov 19, 2024",93,71,0,0,0,
"02:59:23AM Nov 19, 2024",93,71,0,0,0,
"02:59:27AM Nov 19, 2024",93,65,0,0,0,
"02:59:31AM Nov 19, 2024",94,57,0,0,0,
"02:59:35AM Nov 19, 2024",96,56,0,0,0,
"02:59:39AM Nov 19, 2024",97,61,0,0,0,
"02:59:43AM Nov 19, 2024",97,59,0,0,0,
"02:59:47AM Nov 19, 2024",97,54,0,0,0,
"02:59:51AM Nov 19, 2024",97,53,0,0,0,
"02:59:55AM Nov 19, 2024",97,56,0,0,0,
"02:59:59AM Nov 19, 2024",97,57,0,0,0,
"03:00:03AM Nov 19, 2024",96,58,0,0,0,
"03:00:07AM Nov 19, 2024",96,56,0,0,0,
"03:00:11AM Nov 19, 2024",96,62,0,0,0,
"03:00:15AM Nov 19, 2024",95,66,0,0,0,
"03:00:19AM Nov 19, 2024",94,60,0,0,0,
"03:00:23AM Nov 19, 2024",94,54,0,0,0,
"03:00:27AM Nov 19, 2024",95,55,0,0,0,
"03:00:31AM Nov 19, 2024",96,61,0,0,0,
"03:00:35AM Nov 19, 2024",97,63,1,0,0,
"03:00:39AM Nov 19, 2024",97,64,16,0,0,
"03:00:43AM Nov 19, 2024",97,66,2,0,0,
"03:00:47AM Nov 19, 2024",96,74,0,0,0,
"03:00:51AM Nov 19, 2024",97,79,0,0,0,
"03:00:55AM Nov 19, 2024",97,69,0,0,0,
"03:00:59AM Nov 19, 2024",97,58,0,0,0,
"03:01:03AM Nov 19, 2024",97,51,0,0,0,
"03:01:07AM Nov 19, 2024",96,56,0,0,0,
"03:01:11AM Nov 19, 2024",94,61,0,0,0,
"03:01:15AM Nov 19, 2024",92,56,0,0,0,
"03:01:19AM Nov 19, 2024",91,51,0,0,0,
"03:01:23AM Nov 19, 2024",92,49,0,0,0,
"03:01:27AM Nov 19, 2024",95,51,0,0,0,
"03:01:31AM Nov 19, 2024",96,54,0,0,0,
"03:01:35AM Nov 19, 2024",97,55,0,0,0,
"03:01:39AM Nov 19, 2024",96,56,0,0,0,
"03:01:43AM Nov 19, 2024",96,56,0,0,0,
"03:01:47AM Nov 19, 2024",95,56,0,0,0,
"03:01:51AM Nov 19, 2024",95,56,0,0,0,
"03:01:55AM Nov 19, 2024",95,58,0,0,0,
"03:01:59AM Nov 19, 2024",95,60,0,0,0,
"03:02:03AM Nov 19, 2024",95,57,0,0,0,
"03:02:07AM Nov 19, 2024",95,52,0,0,0,
"03:02:11AM Nov 19, 2024",95,52,0,0,0,
"03:02:15AM Nov 19, 2024",95,56,0,0,0,
"03:02:19AM Nov 19, 2024",96,57,0,0,0,
"03:02:23AM Nov 19, 2024",96,56,0,0,0,
"03:02:27AM Nov 19, 2024",96,56,0,0,0,
"03:02:31AM Nov 19, 2024",95,57,0,0,0,
"03:02:35AM Nov 19, 2024",95,58,0,0,0,
"03:02:39AM Nov 19, 2024",95,60,0,0,0,
"03:02:43AM Nov 19, 2024",95,62,0,0,0,
"03:02:47AM Nov 19, 2024",95,60,0,0,0,
"03:02:51AM Nov 19, 2024",95,56,0,0,0,
"03:02:55AM Nov 19, 2024",95,58,0,0,0,
"03:02:59AM Nov 19, 2024",95,61,0,0,0,
"03:03:03AM Nov 19, 2024",95,60,0,0,0,
"03:03:07AM Nov 19, 2024",95,59,0,0,0,
"03:03:11AM Nov 19, 2024",95,57,1,0,0,
"03:03:15AM Nov 19, 2024",95,58,0,0,0,
"03:03:19AM Nov 19, 2024",95,58,0,0,0,
"03:03:23AM Nov 19, 2024",95,58,0,0,0,
"03:03:27AM Nov 19, 2024",95,58,0,0,0,
"03:03:31AM Nov 19, 2024",95,59,0,0,0,
"03:03:35AM Nov 19, 2024",95,59,0,0,0,
"03:03:39AM Nov 19, 2024",95,60,0,0,0,
"03:03:43AM Nov 19, 2024",95,60,0,0,0,
"03:03:47AM Nov 19, 2024",95,59,0,0,0,
"03:03:51AM Nov 19, 2024",95,58,0,0,0,
"03:03:55AM Nov 19, 2024",96,58,0,0,0,
"03:03:59AM Nov 19, 2024",96,58,0,0,0,
"03:04:03AM Nov 19, 2024",96,58,0,0,0,
"03:04:07AM Nov 19, 2024",96,58,0,0,0,
"03:04:11AM Nov 19, 2024",96,57,0,0,0,
"03:04:15AM Nov 19, 2024",96,58,0,0,0,
"03:04:19AM Nov 19, 2024",95,60,0,0,0,
"03:04:23AM Nov 19, 2024",95,60,0,0,0,
"03:04:27AM Nov 19, 2024",95,59,0,0,0,
"03:04:31AM Nov 19, 2024",95,60,0,0,0,
"03:04:35AM Nov 19, 2024",96,60,0,0,0,
"03:04:39AM Nov 19, 2024",96,60,0,0,0,
"03:04:43AM Nov 19, 2024",96,61,0,0,0,
"03:04:47AM Nov 19, 2024",95,60,0,0,0,
"03:04:51AM Nov 19, 2024",95,57,0,0,0,
"03:04:55AM Nov 19, 2024",95,58,0,0,0,
"03:04:59AM Nov 19, 2024",96,59,0,0,0,
"03:05:03AM Nov 19, 2024",96,58,0,0,0,
"03:05:07AM Nov 19, 2024",96,58,0,0,0,
"03:05:11AM Nov 19, 2024",96,60,0,0,0,
"03:05:15AM Nov 19, 2024",96,60,0,0,0,
"03:05:19AM Nov 19, 2024",95,58,0,0,0,
"03:05:23AM Nov 19, 2024",95,58,0,0,0,
"03:05:27AM Nov 19, 2024",95,58,0,0,0,
"03:05:31AM Nov 19, 2024",95,59,0,0,0,
"03:05:35AM Nov 19, 2024",94,66,0,0,0,
"03:05:39AM Nov 19, 2024",94,68,0,0,0,
"03:05:43AM Nov 19, 2024",95,67,0,0,0,
"03:05:47AM Nov 19, 2024",95,63,0,0,0,
"03:05:51AM Nov 19, 2024",95,61,0,0,0,
"03:05:55AM Nov 19, 2024",96,66,0,0,0,
"03:05:59AM Nov 19, 2024",96,64,0,0,0,
"03:06:03AM Nov 19, 2024",97,59,0,0,0,
"03:06:07AM Nov 19, 2024",97,58,0,0,0,
"03:06:11AM Nov 19, 2024",97,57,0,0,0,
"03:06:15AM Nov 19, 2024",97,57,0,0,0,
"03:06:19AM Nov 19, 2024",97,58,0,0,0,
"03:06:23AM Nov 19, 2024",97,59,0,0,0,
"03:06:27AM Nov 19, 2024",97,60,0,0,0,
"03:06:31AM Nov 19, 2024",96,58,0,0,0,
"03:06:35AM Nov 19, 2024",96,59,0,0,0,
"03:06:39AM Nov 19, 2024",96,59,0,0,0,
"03:06:43AM Nov 19, 2024",96,60,20,0,0,
"03:06:47AM Nov 19, 2024",96,55,25,0,0,
"03:06:51AM Nov 19, 2024",96,55,40,0,0,
"03:06:55AM Nov 19, 2024",96,62,0,0,0,
"03:06:59AM Nov 19, 2024",96,75,0,0,0,
"03:07:03AM Nov 19, 2024",97,77,0,0,0,
"03:07:07AM Nov 19, 2024",97,60,0,0,0,
"03:07:11AM Nov 19, 2024",98,51,0,0,0,
"03:07:15AM Nov 19, 2024",97,51,0,0,0,
"03:07:19AM Nov 19, 2024",97,52,0,0,0,
"03:07:23AM Nov 19, 2024",97,53,0,0,0,
"03:07:27AM Nov 19, 2024",97,54,0,0,0,
"03:07:31AM Nov 19, 2024",97,54,0,0,0,
"03:07:35AM Nov 19, 2024",96,55,0,0,0,
"03:07:39AM Nov 19, 2024",96,54,0,0,0,
"03:07:43AM Nov 19, 2024",96,53,0,0,0,
"03:07:47AM Nov 19, 2024",96,54,0,0,0,
"03:07:51AM Nov 19, 2024",96,58,0,0,0,
"03:07:55AM Nov 19, 2024",96,57,0,0,0,
"03:07:59AM Nov 19, 2024",96,57,0,0,0,
"03:08:03AM Nov 19, 2024",96,58,0,0,0,
"03:08:07AM Nov 19, 2024",96,58,0,0,0,
"03:08:11AM Nov 19, 2024",96,58,0,0,0,
"03:08:15AM Nov 19, 2024",96,56,0,0,0,
"03:08:19AM Nov 19, 2024",96,55,0,0,0,
"03:08:23AM Nov 19, 2024",96,56,0,0,0,
"03:08:27AM Nov 19, 2024",96,57,0,0,0,
"03:08:31AM Nov 19, 2024",96,56,0,0,0,
"03:08:35AM Nov 19, 2024",96,57,0,0,0,
"03:08:39AM Nov 19, 2024",96,57,0,0,0,
"03:08:43AM Nov 19, 2024",96,57,0,0,0,
"03:08:47AM Nov 19, 2024",96,57,0,0,0,
"03:08:51AM Nov 19, 2024",96,59,0,0,0,
"03:08:55AM Nov 19, 2024",95,59,0,0,0,
"03:08:59AM Nov 19, 2024",95,59,0,0,0,
"03:09:03AM Nov 19, 2024",96,58,0,0,0,
"03:09:07AM Nov 19, 2024",96,58,0,0,0,
"03:09:11AM Nov 19, 2024",96,59,0,0,0,
"03:09:15AM Nov 19, 2024",96,58,0,0,0,
"03:09:19AM Nov 19, 2024",96,57,0,0,0,
"03:09:23AM Nov 19, 2024",96,57,0,0,0,
"03:09:27AM Nov 19, 2024",96,57,0,0,0,
"03:09:31AM Nov 19, 2024",96,58,0,0,0,
"03:09:35AM Nov 19, 2024",96,59,0,0,0,
"03:09:39AM Nov 19, 2024",96,60,0,0,0,
"03:09:43AM Nov 19, 2024",96,59,0,0,0,
"03:09:47AM Nov 19, 2024",96,58,0,0,0,
"03:09:51AM Nov 19, 2024",96,58,0,0,0,
"03:09:55AM Nov 19, 2024",96,59,0,0,0,
"03:09:59AM Nov 19, 2024",96,58,0,0,0,
"03:10:03AM Nov 19, 2024",96,58,0,0,0,
"03:10:07AM Nov 19, 2024",96,59,0,0,0,
"03:10:11AM Nov 19, 2024",96,59,0,0,0,
"03:10:15AM Nov 19, 2024",96,58,0,0,0,
"03:10:19AM Nov 19, 2024",97,59,0,0,0,
"03:10:23AM Nov 19, 2024",97,59,0,0,0,
"03:10:27AM Nov 19, 2024",97,59,0,0,0,
"03:10:31AM Nov 19, 2024",96,60,0,0,0,
"03:10:35AM Nov 19, 2024",96,61,0,0,0,
"03:10:39AM Nov 19, 2024",96,60,0,0,0,
"03:10:43AM Nov 19, 2024",96,59,0,0,0,
"03:10:47AM Nov 19, 2024",96,59,0,0,0,
"03:10:51AM Nov 19, 2024",96,60,0,0,0,
"03:10:55AM Nov 19, 2024",96,59,0,0,0,
"03:10:59AM Nov 19, 2024",96,58,0,0,0,
"03:11:03AM Nov 19, 2024",96,59,0,0,0,
"03:11:07AM Nov 19, 2024",96,61,0,0,0,
"03:11:11AM Nov 19, 2024",96,60,0,0,0,
"03:11:15AM Nov 19, 2024",96,59,0,0,0,
"03:11:19AM Nov 19, 2024",96,60,0,0,0,
"03:11:23AM Nov 19, 2024",96,61,0,0,0,
"03:11:27AM Nov 19, 2024",96,60,0,0,0,
"03:11:31AM Nov 19, 2024",96,60,0,0,0,
"03:11:35AM Nov 19, 2024",96,60,0,0,0,
"03:11:39AM Nov 19, 2024",96,62,0,0,0,
"03:11:43AM Nov 19, 2024",96,62,0,0,0,
"03:11:47AM Nov 19, 2024",96,60,0,0,0,
"03:11:51AM Nov 19, 2024",96,58,0,0,0,
"03:11:55AM Nov 19, 2024",96,59,0,0,0,
"03:11:59AM Nov 19, 2024",96,60,0,0,0,
"03:12:03AM Nov 19, 2024",96,60,0,0,0,
"03:12:07AM Nov 19, 2024",96,61,0,0,0,
"03:12:11AM Nov 19, 2024",96,62,0,0,0,
"03:12:15AM Nov 19, 2024",96,61,0,0,0,
"03:12:19AM Nov 19, 2024",96,59,0,0,0,
"03:12:23AM Nov 19, 2024",96,59,0,0,0,
"03:12:27AM Nov 19, 2024",96,60,0,0,0,
"03:12:31AM Nov 19, 2024",96,60,0,0,0,
"03:12:35AM Nov 19, 2024",96,59,0,0,0,
"03:12:39AM Nov 19, 2024",96,59,0,0,0,
"03:12:43AM Nov 19, 2024",96,61,0,0,0,
"03:12:47AM Nov 19, 2024",96,61,0,0,0,
"03:12:51AM Nov 19, 2024",96,61,0,0,0,
"03:12:55AM Nov 19, 2024",96,61,0,0,0,
"03:12:59AM Nov 19, 2024",96,61,0,0,0,
"03:13:03AM Nov 19, 2024",96,62,0,0,0,
"03:13:07AM Nov 19, 2024",96,61,0,0,0,
"03:13:11AM Nov 19, 2024",96,61,0,0,0,
"03:13:15AM Nov 19, 2024",96,63,0,0,0,
"03:13:19AM Nov 19, 2024",96,68,0,0,0,
"03:13:23AM Nov 19, 2024",96,68,0,0,0,
"03:13:27AM Nov 19, 2024",96,70,0,0,0,
"03:13:31AM Nov 19, 2024",96,66,0,0,0,
"03:13:35AM Nov 19, 2024",96,60,0,0,0,
"03:13:39AM Nov 19, 2024",97,57,0,0,0,
"03:13:43AM Nov 19, 2024",97,58,0,0,0,
"03:13:47AM Nov 19, 2024",97,60,0,0,0,
"03:13:51AM Nov 19, 2024",97,59,0,0,0,
"03:13:55AM Nov 19, 2024",96,62,0,0,0,
"03:13:59AM Nov 19, 2024",96,67,0,0,0,
"03:14:03AM Nov 19, 2024",95,64,0,0,0,
"03:14:07AM Nov 19, 2024",95,57,9,0,0,
"03:14:11AM Nov 19, 2024",95,57,12,0,0,
"03:14:15AM Nov 19, 2024",95,58,0,0,0,
"03:14:19AM Nov 19, 2024",96,69,0,0,0,
"03:14:23AM Nov 19, 2024",97,79,0,0,0,
"03:14:27AM Nov 19, 2024",97,84,0,0,0,
"03:14:31AM Nov 19, 2024",98,78,0,0,0,
"03:14:35AM Nov 19, 2024",97,64,0,0,0,
"03:14:39AM Nov 19, 2024",97,56,0,0,0,
"03:14:43AM Nov 19, 2024",97,55,0,0,0,
"03:14:47AM Nov 19, 2024",96,61,0,0,0,
"03:14:51AM Nov 19, 2024",96,61,0,0,0,
"03:14:55AM Nov 19, 2024",96,51,0,0,0,
"03:14:59AM Nov 19, 2024",96,50,0,0,0,
"03:15:03AM Nov 19, 2024",97,52,0,0,0,
"03:15:07AM Nov 19, 2024",97,54,0,0,0,
"03:15:11AM Nov 19, 2024",97,55,0,0,0,
"03:15:15AM Nov 19, 2024",97,54,0,0,0,
"03:15:19AM Nov 19, 2024",97,55,0,0,0,
"03:15:23AM Nov 19, 2024",96,55,0,0,0,
"03:15:27AM Nov 19, 2024",96,56,0,0,0,
"03:15:31AM Nov 19, 2024",96,56,0,0,0,
"03:15:35AM Nov 19, 2024",96,57,0,0,0,
"03:15:39AM Nov 19, 2024",96,58,0,0,0,
"03:15:43AM Nov 19, 2024",96,58,0,0,0,
"03:15:47AM Nov 19, 2024",96,59,0,0,0,
"03:15:51AM Nov 19, 2024",96,60,0,0,0,
"03:15:55AM Nov 19, 2024",96,58,0,0,0,
"03:15:59AM Nov 19, 2024",96,58,10,0,0,
"03:16:03AM Nov 19, 2024",96,58,0,0,0,
"03:16:07AM Nov 19, 2024",95,59,0,0,0,
"03:16:11AM Nov 19, 2024",95,60,0,0,0,
"03:16:15AM Nov 19, 2024",95,57,0,0,0,
"03:16:19AM Nov 19, 2024",96,55,0,0,0,
"03:16:23AM Nov 19, 2024",97,58,0,0,0,
"03:16:27AM Nov 19, 2024",97,59,0,0,0,
"03:16:31AM Nov 19, 2024",96,64,0,0,0,
"03:16:35AM Nov 19, 2024",96,65,0,0,0,
"03:16:39AM Nov 19, 2024",95,59,0,0,0,
"03:16:43AM Nov 19, 2024",96,56,0,0,0,
"03:16:47AM Nov 19, 2024",96,56,0,0,0,
"03:16:51AM Nov 19, 2024",97,57,0,0,0,
"03:16:55AM Nov 19, 2024",96,58,0,0,0,
"03:16:59AM Nov 19, 2024",96,57,0,0,0,
"03:17:03AM Nov 19, 2024",96,56,0,0,0,
"03:17:07AM Nov 19, 2024",95,57,0,0,0,
"03:17:11AM Nov 19, 2024",95,58,0,0,0,
"03:17:15AM Nov 19, 2024",95,58,0,0,0,
"03:17:19AM Nov 19, 2024",95,58,0,0,0,
"03:17:23AM Nov 19, 2024",95,58,0,0,0,
"03:17:27AM Nov 19, 2024",95,60,0,0,0,
"03:17:31AM Nov 19, 2024",94,61,0,0,0,
"03:17:35AM Nov 19, 2024",94,59,0,0,0,
"03:17:39AM Nov 19, 2024",94,59,0,0,0,
"03:17:43AM Nov 19, 2024",95,60,0,0,0,
"03:17:47AM Nov 19, 2024",95,57,0,0,0,
"03:17:51AM Nov 19, 2024",95,56,0,0,0,
"03:17:55AM Nov 19, 2024",95,58,0,0,0,
"03:17:59AM Nov 19, 2024",95,60,0,0,0,
"03:18:03AM Nov 19, 2024",95,56,0,0,0,
"03:18:07AM Nov 19, 2024",95,59,0,0,0,
"03:18:11AM Nov 19, 2024",95,62,0,0,0,
"03:18:15AM Nov 19, 2024",95,63,0,0,0,
"03:18:19AM Nov 19, 2024",95,63,0,0,0,
"03:18:23AM Nov 19, 2024",94,65,0,0,0,
"03:18:27AM Nov 19, 2024",94,63,0,0,0,
"03:18:31AM Nov 19, 2024",94,60,0,0,0,
"03:18:35AM Nov 19, 2024",95,58,0,0,0,
"03:18:39AM Nov 19, 2024",95,57,0,0,0,
"03:18:43AM Nov 19, 2024",95,59,0,0,0,
"03:18:47AM Nov 19, 2024",95,59,0,0,0,
"03:18:51AM Nov 19, 2024",95,58,0,0,0,
"03:18:55AM Nov 19, 2024",95,58,0,0,0,
"03:18:59AM Nov 19, 2024",95,60,0,0,0,
"03:19:03AM Nov 19, 2024",95,61,0,0,0,
"03:19:07AM Nov 19, 2024",95,60,0,0,0,
"03:19:11AM Nov 19, 2024",95,60,0,0,0,
"03:19:15AM Nov 19, 2024",95,59,0,0,0,
"03:19:19AM Nov 19, 2024",95,64,0,0,0,
"03:19:23AM Nov 19, 2024",95,64,0,0,0,
"03:19:27AM Nov 19, 2024",95,62,0,0,0,
"03:19:31AM Nov 19, 2024",95,62,0,0,0,
"03:19:35AM Nov 19, 2024",95,63,0,0,0,
"03:19:39AM Nov 19, 2024",95,63,0,0,0,
"03:19:43AM Nov 19, 2024",95,61,0,0,0,
"03:19:47AM Nov 19, 2024",95,62,0,0,0,
"03:19:51AM Nov 19, 2024",96,62,0,0,0,
"03:19:55AM Nov 19, 2024",96,62,0,0,0,
"03:19:59AM Nov 19, 2024",96,62,0,0,0,
"03:20:03AM Nov 19, 2024",95,62,0,0,0,
"03:20:07AM Nov 19, 2024",95,62,0,0,0,
"03:20:11AM Nov 19, 2024",96,64,0,0,0,
"03:20:15AM Nov 19, 2024",96,62,0,0,0,
"03:20:19AM Nov 19, 2024",96,64,0,0,0,
"03:20:23AM Nov 19, 2024",95,65,0,0,0,
"03:20:27AM Nov 19, 2024",95,65,0,0,0,
"03:20:31AM Nov 19, 2024",95,62,0,0,0,
"03:20:35AM Nov 19, 2024",95,61,0,0,0,
"03:20:39AM Nov 19, 2024",95,61,0,0,0,
"03:20:43AM Nov 19, 2024",95,61,0,0,0,
"03:20:47AM Nov 19, 2024",95,61,0,0,0,
"03:20:51AM Nov 19, 2024",95,61,0,0,0,
"03:20:55AM Nov 19, 2024",95,62,0,0,0,
"03:20:59AM Nov 19, 2024",95,61,0,0,0,
"03:21:03AM Nov 19, 2024",96,62,0,0,0,
"03:21:07AM Nov 19, 2024",96,63,0,0,0,
"03:21:11AM Nov 19, 2024",96,63,0,0,0,
"03:21:15AM Nov 19, 2024",96,62,0,0,0,
"03:21:19AM Nov 19, 2024",95,61,0,0,0,
"03:21:23AM Nov 19, 2024",95,62,0,0,0,
"03:21:27AM Nov 19, 2024",95,63,0,0,0,
"03:21:31AM Nov 19, 2024",95,66,0,0,0,
"03:21:35AM Nov 19, 2024",95,69,7,0,0,
"03:21:39AM Nov 19, 2024",95,70,9,0,0,
"03:21:43AM Nov 19, 2024",95,70,17,0,0,
"03:21:47AM Nov 19, 2024",95,73,7,0,0,
"03:21:51AM Nov 19, 2024",96,81,0,0,0,
"03:21:55AM Nov 19, 2024",97,80,0,0,0,
"03:21:59AM Nov 19, 2024",97,69,0,0,0,
"03:22:03AM Nov 19, 2024",97,59,0,0,0,
"03:22:07AM Nov 19, 2024",97,58,0,0,0,
"03:22:11AM Nov 19, 2024",97,60,0,0,0,
"03:22:15AM Nov 19, 2024",96,65,0,0,0,
"03:22:19AM Nov 19, 2024",96,60,0,0,0,
"03:22:23AM Nov 19, 2024",95,58,14,0,0,
"03:22:27AM Nov 19, 2024",96,61,0,0,0,
"03:22:31AM Nov 19, 2024",96,69,7,0,0,
"03:22:35AM Nov 19, 2024",96,69,2,0,0,
"03:22:39AM Nov 19, 2024",97,75,0,0,0,
"03:22:43AM Nov 19, 2024",97,75,0,0,0,
"03:22:47AM Nov 19, 2024",97,73,2,0,0,
"03:22:51AM Nov 19, 2024",97,73,21,0,0,
"03:22:55AM Nov 19, 2024",97,77,12,0,0,
"03:22:59AM Nov 19, 2024",97,70,5,0,0,
"03:23:03AM Nov 19, 2024",97,73,8,0,0,
"03:23:07AM Nov 19, 2024",97,78,0,0,0,
"03:23:11AM Nov 19, 2024",97,84,0,0,0,
"03:23:15AM Nov 19, 2024",97,70,0,0,0,
"03:23:19AM Nov 19, 2024",97,65,0,0,0,
"03:23:23AM Nov 19, 2024",97,65,4,0,0,
"03:23:27AM Nov 19, 2024",97,65,8,0,0,
"03:23:31AM Nov 19, 2024",97,65,6,0,0,
"03:23:35AM Nov 19, 2024",97,65,3,0,0,
"03:23:39AM Nov 19, 2024",97,73,0,0,0,
"03:23:43AM Nov 19, 2024",97,82,0,0,0,
"03:23:47AM Nov 19, 2024",97,78,0,0,0,
"03:23:51AM Nov 19, 2024",97,65,0,0,0,
"03:23:55AM Nov 19, 2024",97,58,0,0,0,
"03:23:59AM Nov 19, 2024",97,57,0,0,0,
"03:24:03AM Nov 19, 2024",96,57,0,0,0,
"03:24:07AM Nov 19, 2024",96,57,0,0,0,
"03:24:11AM Nov 19, 2024",96,56,0,0,0,
"03:24:15AM Nov 19, 2024",96,56,0,0,0,
"03:24:19AM Nov 19, 2024",96,56,0,0,0,
"03:24:23AM Nov 19, 2024",96,57,0,0,0,
"03:24:27AM Nov 19, 2024",96,62,0,0,0,
"03:24:31AM Nov 19, 2024",96,62,0,0,0,
"03:24:35AM Nov 19, 2024",95,56,0,0,0,
"03:24:39AM Nov 19, 2024",95,57,0,0,0,
"03:24:43AM Nov 19, 2024",96,61,0,0,0,
"03:24:47AM Nov 19, 2024",96,62,0,0,0,
"03:24:51AM Nov 19, 2024",96,60,0,0,0,
"03:24:55AM Nov 19, 2024",95,61,0,0,0,
"03:24:59AM Nov 19, 2024",94,63,0,0,0,
"03:25:03AM Nov 19, 2024",93,64,0,0,0,
"03:25:07AM Nov 19, 2024",93,67,0,0,0,
"03:25:11AM Nov 19, 2024",93,64,0,0,0,
"03:25:15AM Nov 19, 2024",95,56,0,0,0,
"03:25:19AM Nov 19, 2024",96,55,0,0,0,
"03:25:23AM Nov 19, 2024",96,56,0,0,0,
"03:25:27AM Nov 19, 2024",96,55,0,0,0,
"03:25:31AM Nov 19, 2024",95,56,0,0,0,
"03:25:35AM Nov 19, 2024",95,56,0,0,0,
"03:25:39AM Nov 19, 2024",94,56,0,0,0,
"03:25:43AM Nov 19, 2024",94,59,0,0,0,
"03:25:47AM Nov 19, 2024",94,65,0,0,0,
"03:25:51AM Nov 19, 2024",93,70,0,0,0,
"03:25:55AM Nov 19, 2024",93,65,0,0,0,
"03:25:59AM Nov 19, 2024",92,57,0,0,0,
"03:26:03AM Nov 19, 2024",93,52,0,0,0,
"03:26:07AM Nov 19, 2024",95,54,0,0,0,
"03:26:11AM Nov 19, 2024",97,58,0,0,0,
"03:26:15AM Nov 19, 2024",97,59,0,0,0,
"03:26:19AM Nov 19, 2024",96,60,0,0,0,
"03:26:23AM Nov 19, 2024",96,63,0,0,0,
"03:26:27AM Nov 19, 2024",95,68,0,0,0,
"03:26:31AM Nov 19, 2024",94,72,0,0,0,
"03:26:35AM Nov 19, 2024",94,74,9,0,0,
"03:26:39AM Nov 19, 2024",96,75,4,0,0,
"03:26:43AM Nov 19, 2024",96,76,4,0,0,
"03:26:47AM Nov 19, 2024",96,76,27,0,0,
"03:26:51AM Nov 19, 2024",96,80,16,0,0,
"03:26:55AM Nov 19, 2024",96,80,13,0,0,
"03:26:59AM Nov 19, 2024",96,80,24,0,0,
"03:27:03AM Nov 19, 2024",96,82,0,0,0,
"03:27:07AM Nov 19, 2024",96,78,0,0,0,
"03:27:11AM Nov 19, 2024",97,73,0,0,0,
"03:27:15AM Nov 19, 2024",97,64,0,0,0,
"03:27:19AM Nov 19, 2024",97,59,0,0,0,
"03:27:23AM Nov 19, 2024",97,57,0,0,0,
"03:27:27AM Nov 19, 2024",97,60,0,0,0,
"03:27:31AM Nov 19, 2024",97,61,0,0,0,
"03:27:35AM Nov 19, 2024",96,64,21,0,0,
"03:27:39AM Nov 19, 2024",96,64,0,0,0,
"03:27:43AM Nov 19, 2024",96,65,0,0,0,
"03:27:47AM Nov 19, 2024",96,68,7,0,0,
"03:27:51AM Nov 19, 2024",96,68,8,0,0,
"03:27:55AM Nov 19, 2024",96,68,7,0,0,
"03:27:59AM Nov 19, 2024",96,72,9,0,0,
"03:28:03AM Nov 19, 2024",96,75,3,0,0,
"03:28:07AM Nov 19, 2024",96,82,2,0,0,
"03:28:11AM Nov 19, 2024",95,88,0,0,0,
"03:28:15AM Nov 19, 2024",95,76,0,0,0,
"03:28:19AM Nov 19, 2024",96,66,0,0,0,
"03:28:23AM Nov 19, 2024",96,59,0,0,0,
"03:28:27AM Nov 19, 2024",96,58,0,0,0,
"03:28:31AM Nov 19, 2024",96,58,0,0,0,
"03:28:35AM Nov 19, 2024",96,60,0,0,0,
"03:28:39AM Nov 19, 2024",96,61,0,0,0,
"03:28:43AM Nov 19, 2024",96,58,0,0,0,
"03:28:47AM Nov 19, 2024",96,59,0,0,0,
"03:28:51AM Nov 19, 2024",96,61,0,0,0,
"03:28:55AM Nov 19, 2024",96,58,0,0,0,
"03:28:59AM Nov 19, 2024",96,56,0,0,0,
"03:29:03AM Nov 19, 2024",95,57,0,0,0,
"03:29:07AM Nov 19, 2024",95,58,0,0,0,
"03:29:11AM Nov 19, 2024",95,59,0,0,0,
"03:29:15AM Nov 19, 2024",94,58,0,0,0,
"03:29:19AM Nov 19, 2024",95,58,0,0,0,
"03:29:23AM Nov 19, 2024",95,57,0,0,0,
"03:29:27AM Nov 19, 2024",95,56,0,0,0,
"03:29:31AM Nov 19, 2024",95,58,0,0,0,
"03:29:35AM Nov 19, 2024",95,58,0,0,0,
"03:29:39AM Nov 19, 2024",95,56,0,0,0,
"03:29:43AM Nov 19, 2024",95,56,0,0,0,
"03:29:47AM Nov 19, 2024",95,57,0,0,0,
"03:29:51AM Nov 19, 2024",95,57,0,0,0,
"03:29:55AM Nov 19, 2024",95,58,0,0,0,
"03:29:59AM Nov 19, 2024",94,58,0,0,0,
"03:30:03AM Nov 19, 2024",93,56,0,0,0,
"03:30:07AM Nov 19, 2024",93,56,0,0,0,
"03:30:11AM Nov 19, 2024",94,56,0,0,0,
"03:30:15AM Nov 19, 2024",94,57,0,0,0,
"03:30:19AM Nov 19, 2024",94,56,0,0,0,
"03:30:23AM Nov 19, 2024",94,56,0,0,0,
"03:30:27AM Nov 19, 2024",94,56,0,0,0,
"03:30:31AM Nov 19, 2024",94,57,0,0,0,
"03:30:35AM Nov 19, 2024",94,58,0,0,0,
"03:30:39AM Nov 19, 2024",93,57,0,0,0,
"03:30:43AM Nov 19, 2024",93,55,0,0,0,
"03:30:47AM Nov 19, 2024",93,58,0,0,0,
"03:30:51AM Nov 19, 2024",93,60,0,0,0,
"03:30:55AM Nov 19, 2024",93,57,0,0,0,
"03:30:59AM Nov 19, 2024",93,55,0,0,0,
"03:31:03AM Nov 19, 2024",93,56,0,0,0,
"03:31:07AM Nov 19, 2024",93,56,0,0,0,
"03:31:11AM Nov 19, 2024",94,56,0,0,0,
"03:31:15AM Nov 19, 2024",94,56,0,0,0,
"03:31:19AM Nov 19, 2024",94,57,0,0,0,
"03:31:23AM Nov 19, 2024",94,58,0,0,0,
"03:31:27AM Nov 19, 2024",94,58,0,0,0,
"03:31:31AM Nov 19, 2024",94,58,0,0,0,
"03:31:35AM Nov 19, 2024",94,58,0,0,0,
"03:31:39AM Nov 19, 2024",94,58,0,0,0,
"03:31:43AM Nov 19, 2024",95,59,0,0,0,
"03:31:47AM Nov 19, 2024",94,58,0,0,0,
"03:31:51AM Nov 19, 2024",94,58,0,0,0,
"03:31:55AM Nov 19, 2024",95,60,0,0,0,
"03:31:59AM Nov 19, 2024",94,61,0,0,0,
"03:32:03AM Nov 19, 2024",94,60,0,0,0,
"03:32:07AM Nov 19, 2024",93,58,0,0,0,
"03:32:11AM Nov 19, 2024",94,57,0,0,0,
"03:32:15AM Nov 19, 2024",95,58,0,0,0,
"03:32:19AM Nov 19, 2024",95,58,0,0,0,
"03:32:23AM Nov 19, 2024",95,60,0,0,0,
"03:32:27AM Nov 19, 2024",95,62,0,0,0,
"03:32:31AM Nov 19, 2024",94,61,0,0,0,
"03:32:35AM Nov 19, 2024",93,59,0,0,0,
"03:32:39AM Nov 19, 2024",93,59,0,0,0,
"03:32:43AM Nov 19, 2024",93,59,0,0,0,
"03:32:47AM Nov 19, 2024",93,59,0,0,0,
"03:32:51AM Nov 19, 2024",93,58,0,0,0,
"03:32:55AM Nov 19, 2024",94,57,0,0,0,
"03:32:59AM Nov 19, 2024",95,58,0,0,0,
"03:33:03AM Nov 19, 2024",95,58,0,0,0,
"03:33:07AM Nov 19, 2024",95,58,0,0,0,
"03:33:11AM Nov 19, 2024",96,59,0,0,0,
"03:33:15AM Nov 19, 2024",95,60,0,0,0,
"03:33:19AM Nov 19, 2024",94,59,0,0,0,
"03:33:23AM Nov 19, 2024",94,59,0,0,0,
"03:33:27AM Nov 19, 2024",94,60,0,0,0,
"03:33:31AM Nov 19, 2024",94,59,0,0,0,
"03:33:35AM Nov 19, 2024",94,58,0,0,0,
"03:33:39AM Nov 19, 2024",95,58,0,0,0,
"03:33:43AM Nov 19, 2024",95,58,0,0,0,
"03:33:47AM Nov 19, 2024",95,58,0,0,0,
"03:33:51AM Nov 19, 2024",95,59,0,0,0,
"03:33:55AM Nov 19, 2024",95,60,0,0,0,
"03:33:59AM Nov 19, 2024",95,61,0,0,0,
"03:34:03AM Nov 19, 2024",95,62,0,0,0,
"03:34:07AM Nov 19, 2024",94,60,0,0,0,
"03:34:11AM Nov 19, 2024",94,60,0,0,0,
"03:34:15AM Nov 19, 2024",94,60,0,0,0,
"03:34:19AM Nov 19, 2024",94,64,8,0,0,
"03:34:23AM Nov 19, 2024",94,64,8,0,0,
"03:34:27AM Nov 19, 2024",94,66,12,0,0,
"03:34:31AM Nov 19, 2024",94,77,2,0,0,
"03:34:35AM Nov 19, 2024",95,89,0,0,0,
"03:34:39AM Nov 19, 2024",97,82,0,0,0,
"03:34:43AM Nov 19, 2024",97,66,0,0,0,
"03:34:47AM Nov 19, 2024",97,66,0,0,0,
"03:34:51AM Nov 19, 2024",97,71,0,0,0,
"03:34:55AM Nov 19, 2024",97,69,13,0,0,
"03:34:59AM Nov 19, 2024",97,70,15,0,0,
"03:35:03AM Nov 19, 2024",97,70,0,0,0,
"03:35:07AM Nov 19, 2024",97,69,0,0,0,
"03:35:11AM Nov 19, 2024",97,68,0,0,0,
"03:35:15AM Nov 19, 2024",97,64,0,0,0,
"03:35:19AM Nov 19, 2024",97,61,0,0,0,
"03:35:23AM Nov 19, 2024",97,58,0,0,0,
"03:35:27AM Nov 19, 2024",97,60,13,0,0,
"03:35:31AM Nov 19, 2024",97,60,27,0,0,
"03:35:35AM Nov 19, 2024",97,60,0,0,0,
"03:35:39AM Nov 19, 2024",97,60,0,0,0,
"03:35:43AM Nov 19, 2024",97,60,0,0,0,
"03:35:47AM Nov 19, 2024",97,64,0,0,0,
"03:35:51AM Nov 19, 2024",97,62,0,0,0,
"03:35:55AM Nov 19, 2024",97,56,0,0,0,
"03:35:59AM Nov 19, 2024",97,55,0,0,0,
"03:36:03AM Nov 19, 2024",97,56,0,0,0,
"03:36:07AM Nov 19, 2024",97,57,0,0,0,
"03:36:11AM Nov 19, 2024",96,58,0,0,0,
"03:36:15AM Nov 19, 2024",96,59,0,0,0,
"03:36:19AM Nov 19, 2024",96,58,0,0,0,
"03:36:23AM Nov 19, 2024",96,58,0,0,0,
"03:36:27AM Nov 19, 2024",96,58,0,0,0,
"03:36:31AM Nov 19, 2024",96,58,0,0,0,
"03:36:35AM Nov 19, 2024",97,59,0,0,0,
"03:36:39AM Nov 19, 2024",97,59,0,0,0,
"03:36:43AM Nov 19, 2024",97,58,0,0,0,
"03:36:47AM Nov 19, 2024",97,59,0,0,0,
"03:36:51AM Nov 19, 2024",97,59,0,0,0,
"03:36:55AM Nov 19, 2024",97,60,0,0,0,
"03:36:59AM Nov 19, 2024",97,60,0,0,0,
"03:37:03AM Nov 19, 2024",96,59,0,0,0,
"03:37:07AM Nov 19, 2024",96,58,0,0,0,
"03:37:11AM Nov 19, 2024",96,59,0,0,0,
"03:37:15AM Nov 19, 2024",96,57,0,0,0,
"03:37:19AM Nov 19, 2024",96,56,0,0,0,
"03:37:23AM Nov 19, 2024",96,58,0,0,0,
"03:37:27AM Nov 19, 2024",97,59,0,0,0,
"03:37:31AM Nov 19, 2024",97,58,0,0,0,
"03:37:35AM Nov 19, 2024",97,58,0,0,0,
"03:37:39AM Nov 19, 2024",96,59,0,0,0,
"03:37:43AM Nov 19, 2024",96,58,0,0,0,
"03:37:47AM Nov 19, 2024",96,57,0,0,0,
"03:37:51AM Nov 19, 2024",96,58,0,0,0,
"03:37:55AM Nov 19, 2024",96,58,0,0,0,
"03:37:59AM Nov 19, 2024",97,58,0,0,0,
"03:38:03AM Nov 19, 2024",97,59,0,0,0,
"03:38:07AM Nov 19, 2024",97,59,0,0,0,
"03:38:11AM Nov 19, 2024",97,60,0,0,0,
"03:38:15AM Nov 19, 2024",97,60,0,0,0,
"03:38:19AM Nov 19, 2024",96,59,0,0,0,
"03:38:23AM Nov 19, 2024",96,58,0,0,0,
"03:38:27AM Nov 19, 2024",96,60,0,0,0,
"03:38:31AM Nov 19, 2024",96,60,0,0,0,
"03:38:35AM Nov 19, 2024",96,60,0,0,0,
"03:38:39AM Nov 19, 2024",97,61,0,0,0,
"03:38:43AM Nov 19, 2024",97,61,0,0,0,
"03:38:47AM Nov 19, 2024",97,61,0,0,0,
"03:38:51AM Nov 19, 2024",97,62,0,0,0,
"03:38:55AM Nov 19, 2024",97,62,0,0,0,
"03:38:59AM Nov 19, 2024",96,60,0,0,0,
"03:39:03AM Nov 19, 2024",97,59,0,0,0,
"03:39:07AM Nov 19, 2024",96,60,0,0,0,
"03:39:11AM Nov 19, 2024",97,62,0,0,0,
"03:39:15AM Nov 19, 2024",97,64,0,0,0,
"03:39:19AM Nov 19, 2024",97,63,0,0,0,
"03:39:23AM Nov 19, 2024",97,62,0,0,0,
"03:39:27AM Nov 19, 2024",96,62,0,0,0,
"03:39:31AM Nov 19, 2024",96,61,0,0,0,
"03:39:35AM Nov 19, 2024",96,61,0,0,0,
"03:39:39AM Nov 19, 2024",96,61,0,0,0,
"03:39:43AM Nov 19, 2024",96,61,0,0,0,
"03:39:47AM Nov 19, 2024",97,62,0,0,0,
"03:39:51AM Nov 19, 2024",96,62,0,0,0,
"03:39:55AM Nov 19, 2024",96,61,0,0,0,
"03:39:59AM Nov 19, 2024",96,61,0,0,0,
"03:40:03AM Nov 19, 2024",96,62,0,0,0,
"03:40:07AM Nov 19, 2024",96,62,0,0,0,
"03:40:11AM Nov 19, 2024",96,63,0,0,0,
"03:40:15AM Nov 19, 2024",96,62,0,0,0,
"03:40:19AM Nov 19, 2024",96,61,0,0,0,
"03:40:23AM Nov 19, 2024",96,61,0,0,0,
"03:40:27AM Nov 19, 2024",97,61,0,0,0,
"03:40:31AM Nov 19, 2024",97,60,0,0,0,
"03:40:35AM Nov 19, 2024",97,61,0,0,0,
"03:40:39AM Nov 19, 2024",97,60,0,0,0,
"03:40:43AM Nov 19, 2024",97,60,0,0,0,
"03:40:47AM Nov 19, 2024",97,61,0,0,0,
"03:40:51AM Nov 19, 2024",97,63,0,0,0,
"03:40:55AM Nov 19, 2024",96,63,0,0,0,
"03:40:59AM Nov 19, 2024",96,63,0,0,0,
"03:41:03AM Nov 19, 2024",96,63,0,0,0,
"03:41:07AM Nov 19, 2024",96,64,0,0,0,
"03:41:11AM Nov 19, 2024",96,62,0,0,0,
"03:41:15AM Nov 19, 2024",96,61,0,0,0,
"03:41:19AM Nov 19, 2024",96,61,0,0,0,
"03:41:23AM Nov 19, 2024",96,61,0,0,0,
"03:41:27AM Nov 19, 2024",97,61,0,0,0,
"03:41:31AM Nov 19, 2024",96,62,0,0,0,
"03:41:35AM Nov 19, 2024",96,61,0,0,0,
"03:41:39AM Nov 19, 2024",96,61,0,0,0,
"03:41:43AM Nov 19, 2024",96,62,0,0,0,
"03:41:47AM Nov 19, 2024",96,61,0,0,0,
"03:41:51AM Nov 19, 2024",96,61,0,0,0,
"03:41:55AM Nov 19, 2024",97,62,0,0,0,
"03:41:59AM Nov 19, 2024",97,63,0,0,0,
"03:42:03AM Nov 19, 2024",96,63,0,0,0,
"03:42:07AM Nov 19, 2024",96,63,0,0,0,
"03:42:11AM Nov 19, 2024",96,63,0,0,0,
"03:42:15AM Nov 19, 2024",96,61,0,0,0,
"03:42:19AM Nov 19, 2024",96,61,0,0,0,
"03:42:23AM Nov 19, 2024",96,61,0,0,0,
"03:42:27AM Nov 19, 2024",96,59,0,0,0,
"03:42:31AM Nov 19, 2024",96,59,0,0,0,
"03:42:35AM Nov 19, 2024",96,61,0,0,0,
"03:42:39AM Nov 19, 2024",96,63,0,0,0,
"03:42:43AM Nov 19, 2024",96,61,0,0,0,
"03:42:47AM Nov 19, 2024",96,60,0,0,0,
"03:42:51AM Nov 19, 2024",96,60,0,0,0,
"03:42:55AM Nov 19, 2024",96,60,0,0,0,
"03:42:59AM Nov 19, 2024",97,61,0,0,0,
"03:43:03AM Nov 19, 2024",97,62,0,0,0,
"03:43:07AM Nov 19, 2024",97,62,0,0,0,
"03:43:11AM Nov 19, 2024",97,63,0,0,0,
"03:43:15AM Nov 19, 2024",96,62,0,0,0,
"03:43:19AM Nov 19, 2024",96,62,0,0,0,
"03:43:23AM Nov 19, 2024",96,61,0,0,0,
"03:43:27AM Nov 19, 2024",96,61,0,0,0,
"03:43:31AM Nov 19, 2024",96,59,0,0,0,
"03:43:35AM Nov 19, 2024",96,59,0,0,0,
"03:43:39AM Nov 19, 2024",96,61,0,0,0,
"03:43:43AM Nov 19, 2024",97,62,0,0,0,
"03:43:47AM Nov 19, 2024",96,61,0,0,0,
"03:43:51AM Nov 19, 2024",96,62,0,0,0,
"03:43:55AM Nov 19, 2024",96,61,0,0,0,
"03:43:59AM Nov 19, 2024",96,61,0,0,0,
"03:44:03AM Nov 19, 2024",96,61,0,0,0,
"03:44:07AM Nov 19, 2024",96,61,0,0,0,
"03:44:11AM Nov 19, 2024",96,61,0,0,0,
"03:44:15AM Nov 19, 2024",96,61,0,0,0,
"03:44:19AM Nov 19, 2024",96,62,0,0,0,
"03:44:23AM Nov 19, 2024",96,62,0,0,0,
"03:44:27AM Nov 19, 2024",96,63,0,0,0,
"03:44:31AM Nov 19, 2024",96,63,0,0,0,
"03:44:35AM Nov 19, 2024",96,63,0,0,0,
"03:44:39AM Nov 19, 2024",96,60,0,0,0,
"03:44:43AM Nov 19, 2024",96,61,0,0,0,
"03:44:47AM Nov 19, 2024",97,62,0,0,0,
"03:44:51AM Nov 19, 2024",97,61,0,0,0,
"03:44:55AM Nov 19, 2024",97,60,0,0,0,
"03:44:59AM Nov 19, 2024",97,61,0,0,0,
"03:45:03AM Nov 19, 2024",96,61,0,0,0,
"03:45:07AM Nov 19, 2024",96,60,0,0,0,
"03:45:11AM Nov 19, 2024",96,61,0,0,0,
"03:45:15AM Nov 19, 2024",96,61,0,0,0,
"03:45:19AM Nov 19, 2024",96,62,0,0,0,
"03:45:23AM Nov 19, 2024",96,63,0,0,0,
"03:45:27AM Nov 19, 2024",96,63,0,0,0,
"03:45:31AM Nov 19, 2024",96,62,0,0,0,
"03:45:35AM Nov 19, 2024",96,61,0,0,0,
"03:45:39AM Nov 19, 2024",96,61,0,0,0,
"03:45:43AM Nov 19, 2024",97,61,0,0,0,
"03:45:47AM Nov 19, 2024",97,62,0,0,0,
"03:45:51AM Nov 19, 2024",97,62,0,0,0,
"03:45:55AM Nov 19, 2024",96,61,0,0,0,
"03:45:59AM Nov 19, 2024",96,61,0,0,0,
"03:46:03AM Nov 19, 2024",96,61,0,0,0,
"03:46:07AM Nov 19, 2024",96,62,0,0,0,
"03:46:11AM Nov 19, 2024",96,62,0,0,0,
"03:46:15AM Nov 19, 2024",96,61,0,0,0,
"03:46:19AM Nov 19, 2024",96,61,0,0,0,
"03:46:23AM Nov 19, 2024",96,61,0,0,0,
"03:46:27AM Nov 19, 2024",96,61,0,0,0,
"03:46:31AM Nov 19, 2024",96,61,0,0,0,
"03:46:35AM Nov 19, 2024",96,62,0,0,0,
"03:46:39AM Nov 19, 2024",96,63,0,0,0,
"03:46:43AM Nov 19, 2024",96,62,0,0,0,
"03:46:47AM Nov 19, 2024",96,61,0,0,0,
"03:46:51AM Nov 19, 2024",96,62,0,0,0,
"03:46:55AM Nov 19, 2024",96,62,0,0,0,
"03:46:59AM Nov 19, 2024",96,62,0,0,0,
"03:47:03AM Nov 19, 2024",96,62,0,0,0,
"03:47:07AM Nov 19, 2024",97,63,0,0,0,
"03:47:11AM Nov 19, 2024",96,61,0,0,0,
"03:47:15AM Nov 19, 2024",96,59,0,0,0,
"03:47:19AM Nov 19, 2024",96,59,0,0,0,
"03:47:23AM Nov 19, 2024",96,61,0,0,0,
"03:47:27AM Nov 19, 2024",96,61,0,0,0,
"03:47:31AM Nov 19, 2024",96,62,0,0,0,
"03:47:35AM Nov 19, 2024",96,63,0,0,0,
"03:47:39AM Nov 19, 2024",96,63,0,0,0,
"03:47:43AM Nov 19, 2024",96,62,0,0,0,
"03:47:47AM Nov 19, 2024",96,62,0,0,0,
"03:47:51AM Nov 19, 2024",96,62,0,0,0,
"03:47:55AM Nov 19, 2024",97,62,0,0,0,
"03:47:59AM Nov 19, 2024",97,61,0,0,0,
"03:48:03AM Nov 19, 2024",96,64,0,0,0,
"03:48:07AM Nov 19, 2024",96,63,0,0,0,
"03:48:11AM Nov 19, 2024",96,61,0,0,0,
"03:48:15AM Nov 19, 2024",96,61,0,0,0,
"03:48:19AM Nov 19, 2024",96,61,0,0,0,
"03:48:23AM Nov 19, 2024",96,62,0,0,0,
"03:48:27AM Nov 19, 2024",96,61,0,0,0,
"03:48:31AM Nov 19, 2024",96,61,0,0,0,
"03:48:35AM Nov 19, 2024",96,62,0,0,0,
"03:48:39AM Nov 19, 2024",97,63,0,0,0,
"03:48:43AM Nov 19, 2024",97,62,0,0,0,
"03:48:47AM Nov 19, 2024",97,62,0,0,0,
"03:48:51AM Nov 19, 2024",97,62,0,0,0,
"03:48:55AM Nov 19, 2024",97,62,0,0,0,
"03:48:59AM Nov 19, 2024",97,62,0,0,0,
"03:49:03AM Nov 19, 2024",97,61,0,0,0,
"03:49:07AM Nov 19, 2024",97,61,0,0,0,
"03:49:11AM Nov 19, 2024",96,62,0,0,0,
"03:49:15AM Nov 19, 2024",96,62,0,0,0,
"03:49:19AM Nov 19, 2024",96,65,9,0,0,
"03:49:23AM Nov 19, 2024",96,65,5,0,0,
"03:49:27AM Nov 19, 2024",96,65,5,0,0,
"03:49:31AM Nov 19, 2024",96,65,0,0,0,
"03:49:35AM Nov 19, 2024",96,65,0,0,0,
"03:49:39AM Nov 19, 2024",96,74,0,0,0,
"03:49:43AM Nov 19, 2024",97,76,0,0,0,
"03:49:47AM Nov 19, 2024",97,64,0,0,0,
"03:49:51AM Nov 19, 2024",97,58,0,0,0,
"03:49:55AM Nov 19, 2024",96,60,0,0,0,
"03:49:59AM Nov 19, 2024",94,66,0,0,0,
"03:50:03AM Nov 19, 2024",95,67,0,0,0,
"03:50:07AM Nov 19, 2024",96,60,0,0,0,
"03:50:11AM Nov 19, 2024",97,55,0,0,0,
"03:50:15AM Nov 19, 2024",97,55,0,0,0,
"03:50:19AM Nov 19, 2024",97,57,0,0,0,
"03:50:23AM Nov 19, 2024",97,57,0,0,0,
"03:50:27AM Nov 19, 2024",97,55,0,0,0,
"03:50:31AM Nov 19, 2024",97,56,0,0,0,
"03:50:35AM Nov 19, 2024",97,57,0,0,0,
"03:50:39AM Nov 19, 2024",97,58,0,0,0,
"03:50:43AM Nov 19, 2024",97,59,0,0,0,
"03:50:47AM Nov 19, 2024",96,59,0,0,0,
"03:50:51AM Nov 19, 2024",96,57,0,0,0,
"03:50:55AM Nov 19, 2024",96,57,0,0,0,
"03:50:59AM Nov 19, 2024",96,59,0,0,0,
"03:51:03AM Nov 19, 2024",97,58,0,0,0,
"03:51:07AM Nov 19, 2024",97,57,0,0,0,
"03:51:11AM Nov 19, 2024",97,57,0,0,0,
"03:51:15AM Nov 19, 2024",97,58,0,0,0,
"03:51:19AM Nov 19, 2024",97,60,0,0,0,
"03:51:23AM Nov 19, 2024",97,60,0,0,0,
"03:51:27AM Nov 19, 2024",96,59,0,0,0,
"03:51:31AM Nov 19, 2024",96,59,0,0,0,
"03:51:35AM Nov 19, 2024",96,59,0,0,0,
"03:51:39AM Nov 19, 2024",96,59,0,0,0,
"03:51:43AM Nov 19, 2024",96,58,0,0,0,
"03:51:47AM Nov 19, 2024",97,59,0,0,0,
"03:51:51AM Nov 19, 2024",97,59,0,0,0,
"03:51:55AM Nov 19, 2024",97,58,0,0,0,
"03:51:59AM Nov 19, 2024",97,58,0,0,0,
"03:52:03AM Nov 19, 2024",97,59,0,0,0,
"03:52:07AM Nov 19, 2024",97,61,0,0,0,
"03:52:11AM Nov 19, 2024",97,61,0,0,0,
"03:52:15AM Nov 19, 2024",97,60,0,0,0,
"03:52:19AM Nov 19, 2024",97,60,0,0,0,
"03:52:23AM Nov 19, 2024",96,60,0,0,0,
"03:52:27AM Nov 19, 2024",95,59,0,0,0,
"03:52:31AM Nov 19, 2024",95,57,0,0,0,
"03:52:35AM Nov 19, 2024",95,57,0,0,0,
"03:52:39AM Nov 19, 2024",96,58,0,0,0,
"03:52:43AM Nov 19, 2024",96,58,0,0,0,
"03:52:47AM Nov 19, 2024",97,58,0,0,0,
"03:52:51AM Nov 19, 2024",97,59,0,0,0,
"03:52:55AM Nov 19, 2024",96,59,0,0,0,
"03:52:59AM Nov 19, 2024",96,57,0,0,0,
"03:53:03AM Nov 19, 2024",96,56,0,0,0,
"03:53:07AM Nov 19, 2024",97,56,0,0,0,
"03:53:11AM Nov 19, 2024",97,58,0,0,0,
"03:53:15AM Nov 19, 2024",96,59,0,0,0,
"03:53:19AM Nov 19, 2024",96,60,0,0,0,
"03:53:23AM Nov 19, 2024",96,58,0,0,0,
"03:53:27AM Nov 19, 2024",96,57,0,0,0,
"03:53:31AM Nov 19, 2024",96,59,0,0,0,
"03:53:35AM Nov 19, 2024",96,59,0,0,0,
"03:53:39AM Nov 19, 2024",96,58,0,0,0,
"03:53:43AM Nov 19, 2024",97,59,0,0,0,
"03:53:47AM Nov 19, 2024",96,60,0,0,0,
"03:53:51AM Nov 19, 2024",96,61,0,0,0,
"03:53:55AM Nov 19, 2024",96,60,0,0,0,
"03:53:59AM Nov 19, 2024",96,62,0,0,0,
"03:54:03AM Nov 19, 2024",96,63,0,0,0,
"03:54:07AM Nov 19, 2024",96,62,0,0,0,
"03:54:11AM Nov 19, 2024",96,58,0,0,0,
"03:54:15AM Nov 19, 2024",96,58,0,0,0,
"03:54:19AM Nov 19, 2024",96,61,0,0,0,
"03:54:23AM Nov 19, 2024",96,59,0,0,0,
"03:54:27AM Nov 19, 2024",96,58,0,0,0,
"03:54:31AM Nov 19, 2024",96,58,0,0,0,
"03:54:35AM Nov 19, 2024",96,59,0,0,0,
"03:54:39AM Nov 19, 2024",96,60,0,0,0,
"03:54:43AM Nov 19, 2024",96,60,0,0,0,
"03:54:47AM Nov 19, 2024",97,60,0,0,0,
"03:54:51AM Nov 19, 2024",96,59,0,0,0,
"03:54:55AM Nov 19, 2024",96,61,0,0,0,
"03:54:59AM Nov 19, 2024",96,63,0,0,0,
"03:55:03AM Nov 19, 2024",96,62,0,0,0,
"03:55:07AM Nov 19, 2024",96,61,0,0,0,
"03:55:11AM Nov 19, 2024",96,60,0,0,0,
"03:55:15AM Nov 19, 2024",96,61,0,0,0,
"03:55:19AM Nov 19, 2024",96,62,0,0,0,
"03:55:23AM Nov 19, 2024",96,62,0,0,0,
"03:55:27AM Nov 19, 2024",96,61,0,0,0,
"03:55:31AM Nov 19, 2024",96,61,0,0,0,
"03:55:35AM Nov 19, 2024",96,62,0,0,0,
"03:55:39AM Nov 19, 2024",96,62,0,0,0,
"03:55:43AM Nov 19, 2024",96,62,0,0,0,
"03:55:47AM Nov 19, 2024",96,62,0,0,0,
"03:55:51AM Nov 19, 2024",96,63,0,0,0,
"03:55:55AM Nov 19, 2024",96,63,0,0,0,
"03:55:59AM Nov 19, 2024",96,62,0,0,0,
"03:56:03AM Nov 19, 2024",96,61,0,0,0,
"03:56:07AM Nov 19, 2024",96,61,0,0,0,
"03:56:11AM Nov 19, 2024",96,61,0,0,0,
"03:56:15AM Nov 19, 2024",96,61,0,0,0,
"03:56:19AM Nov 19, 2024",96,62,0,0,0,
"03:56:23AM Nov 19, 2024",96,62,0,0,0,
"03:56:27AM Nov 19, 2024",96,61,0,0,0,
"03:56:31AM Nov 19, 2024",96,61,0,0,0,
"03:56:35AM Nov 19, 2024",96,63,0,0,0,
"03:56:39AM Nov 19, 2024",96,62,0,0,0,
"03:56:43AM Nov 19, 2024",96,61,0,0,0,
"03:56:47AM Nov 19, 2024",96,61,0,0,0,
"03:56:51AM Nov 19, 2024",96,62,0,0,0,
"03:56:55AM Nov 19, 2024",96,63,0,0,0,
"03:56:59AM Nov 19, 2024",96,62,0,0,0,
"03:57:03AM Nov 19, 2024",96,62,0,0,0,
"03:57:07AM Nov 19, 2024",96,61,0,0,0,
"03:57:11AM Nov 19, 2024",96,60,0,0,0,
"03:57:15AM Nov 19, 2024",96,61,0,0,0,
"03:57:19AM Nov 19, 2024",96,63,0,0,0,
"03:57:23AM Nov 19, 2024",96,64,0,0,0,
"03:57:27AM Nov 19, 2024",96,64,0,0,0,
"03:57:31AM Nov 19, 2024",96,62,0,0,0,
"03:57:35AM Nov 19, 2024",96,61,0,0,0,
"03:57:39AM Nov 19, 2024",96,62,0,0,0,
"03:57:43AM Nov 19, 2024",96,62,0,0,0,
"03:57:47AM Nov 19, 2024",96,62,0,0,0,
"03:57:51AM Nov 19, 2024",96,63,0,0,0,
"03:57:55AM Nov 19, 2024",96,63,0,0,0,
"03:57:59AM Nov 19, 2024",96,63,0,0,0,
"03:58:03AM Nov 19, 2024",96,63,0,0,0,
"03:58:07AM Nov 19, 2024",96,61,0,0,0,
"03:58:11AM Nov 19, 2024",96,60,0,0,0,
"03:58:15AM Nov 19, 2024",96,61,0,0,0,
"03:58:19AM Nov 19, 2024",96,62,0,0,0,
"03:58:23AM Nov 19, 2024",96,62,0,0,0,
"03:58:27AM Nov 19, 2024",96,62,0,0,0,
"03:58:31AM Nov 19, 2024",96,62,0,0,0,
"03:58:35AM Nov 19, 2024",96,62,0,0,0,
"03:58:39AM Nov 19, 2024",96,63,0,0,0,
"03:58:43AM Nov 19, 2024",96,63,0,0,0,
"03:58:47AM Nov 19, 2024",96,63,0,0,0,
"03:58:51AM Nov 19, 2024",96,64,0,0,0,
"03:58:55AM Nov 19, 2024",96,64,0,0,0,
"03:58:59AM Nov 19, 2024",96,63,0,0,0,
"03:59:03AM Nov 19, 2024",96,62,0,0,0,
"03:59:07AM Nov 19, 2024",96,62,0,0,0,
"03:59:11AM Nov 19, 2024",96,63,0,0,0,
"03:59:15AM Nov 19, 2024",96,64,0,0,0,
"03:59:19AM Nov 19, 2024",96,64,0,0,0,
"03:59:23AM Nov 19, 2024",96,65,0,0,0,
"03:59:27AM Nov 19, 2024",96,64,0,0,0,
"03:59:31AM Nov 19, 2024",96,62,0,0,0,
"03:59:35AM Nov 19, 2024",96,61,0,0,0,
"03:59:39AM Nov 19, 2024",96,61,0,0,0,
"03:59:43AM Nov 19, 2024",97,61,0,0,0,
"03:59:47AM Nov 19, 2024",97,63,0,0,0,
"03:59:51AM Nov 19, 2024",96,64,0,0,0,
"03:59:55AM Nov 19, 2024",96,64,0,0,0,
"03:59:59AM Nov 19, 2024",96,64,0,0,0,
"04:00:03AM Nov 19, 2024",96,64,0,0,0,
"04:00:07AM Nov 19, 2024",96,62,0,0,0,
"04:00:11AM Nov 19, 2024",96,61,0,0,0,
"04:00:15AM Nov 19, 2024",96,62,0,0,0,
"04:00:19AM Nov 19, 2024",96,63,0,0,0,
"04:00:23AM Nov 19, 2024",96,63,0,0,0,
"04:00:27AM Nov 19, 2024",97,64,0,0,0,
"04:00:31AM Nov 19, 2024",96,64,0,0,0,
"04:00:35AM Nov 19, 2024",96,63,0,0,0,
"04:00:39AM Nov 19, 2024",96,65,0,0,0,
"04:00:43AM Nov 19, 2024",96,64,0,0,0,
"04:00:47AM Nov 19, 2024",96,62,0,0,0,
"04:00:51AM Nov 19, 2024",96,61,0,0,0,
"04:00:55AM Nov 19, 2024",96,62,0,0,0,
"04:00:59AM Nov 19, 2024",96,63,0,0,0,
"04:01:03AM Nov 19, 2024",96,63,0,0,0,
"04:01:07AM Nov 19, 2024",96,62,0,0,0,
"04:01:11AM Nov 19, 2024",96,61,0,0,0,
"04:01:15AM Nov 19, 2024",96,62,0,0,0,
"04:01:19AM Nov 19, 2024",96,62,0,0,0,
"04:01:23AM Nov 19, 2024",96,62,0,0,0,
"04:01:27AM Nov 19, 2024",96,63,0,0,0,
"04:01:31AM Nov 19, 2024",97,63,0,0,0,
"04:01:35AM Nov 19, 2024",97,63,0,0,0,
"04:01:39AM Nov 19, 2024",96,63,0,0,0,
"04:01:43AM Nov 19, 2024",96,63,0,0,0,
"04:01:47AM Nov 19, 2024",96,65,0,0,0,
"04:01:51AM Nov 19, 2024",97,64,0,0,0,
"04:01:55AM Nov 19, 2024",96,63,0,0,0,
"04:01:59AM Nov 19, 2024",96,63,0,0,0,
"04:02:03AM Nov 19, 2024",96,64,0,0,0,
"04:02:07AM Nov 19, 2024",96,64,0,0,0,
"04:02:11AM Nov 19, 2024",96,63,0,0,0,
"04:02:15AM Nov 19, 2024",96,63,0,0,0,
"04:02:19AM Nov 19, 2024",96,63,0,0,0,
"04:02:23AM Nov 19, 2024",96,64,0,0,0,
"04:02:27AM Nov 19, 2024",96,64,0,0,0,
"04:02:31AM Nov 19, 2024",96,65,0,0,0,
"04:02:35AM Nov 19, 2024",96,63,0,0,0,
"04:02:39AM Nov 19, 2024",96,62,0,0,0,
"04:02:43AM Nov 19, 2024",96,63,0,0,0,
"04:02:47AM Nov 19, 2024",96,63,0,0,0,
"04:02:51AM Nov 19, 2024",96,63,0,0,0,
"04:02:55AM Nov 19, 2024",96,63,0,0,0,
"04:02:59AM Nov 19, 2024",96,63,0,0,0,
"04:03:03AM Nov 19, 2024",96,63,0,0,0,
"04:03:07AM Nov 19, 2024",96,64,0,0,0,
"04:03:11AM Nov 19, 2024",96,64,0,0,0,
"04:03:15AM Nov 19, 2024",96,63,0,0,0,
"04:03:19AM Nov 19, 2024",96,63,0,0,0,
"04:03:23AM Nov 19, 2024",96,64,0,0,0,
"04:03:27AM Nov 19, 2024",96,65,0,0,0,
"04:03:31AM Nov 19, 2024",96,64,0,0,0,
"04:03:35AM Nov 19, 2024",96,64,0,0,0,
"04:03:39AM Nov 19, 2024",96,65,0,0,0,
"04:03:43AM Nov 19, 2024",96,65,0,0,0,
"04:03:47AM Nov 19, 2024",96,63,0,0,0,
"04:03:51AM Nov 19, 2024",96,62,0,0,0,
"04:03:55AM Nov 19, 2024",96,63,0,0,0,
"04:03:59AM Nov 19, 2024",96,63,0,0,0,
"04:04:03AM Nov 19, 2024",96,62,0,0,0,
"04:04:07AM Nov 19, 2024",96,62,0,0,0,
"04:04:11AM Nov 19, 2024",96,64,0,0,0,
"04:04:15AM Nov 19, 2024",97,65,0,0,0,
"04:04:19AM Nov 19, 2024",96,64,0,0,0,
"04:04:23AM Nov 19, 2024",96,63,0,0,0,
"04:04:27AM Nov 19, 2024",96,63,0,0,0,
"04:04:31AM Nov 19, 2024",96,63,0,0,0,
"04:04:35AM Nov 19, 2024",96,63,0,0,0,
"04:04:39AM Nov 19, 2024",96,63,0,0,0,
"04:04:43AM Nov 19, 2024",96,63,0,0,0,
"04:04:47AM Nov 19, 2024",96,64,0,0,0,
"04:04:51AM Nov 19, 2024",96,64,0,0,0,
"04:04:55AM Nov 19, 2024",96,64,0,0,0,
"04:04:59AM Nov 19, 2024",96,64,0,0,0,
"04:05:03AM Nov 19, 2024",96,65,0,0,0,
"04:05:07AM Nov 19, 2024",96,65,0,0,0,
"04:05:11AM Nov 19, 2024",96,64,0,0,0,
"04:05:15AM Nov 19, 2024",96,62,0,0,0,
"04:05:19AM Nov 19, 2024",96,62,0,0,0,
"04:05:23AM Nov 19, 2024",96,63,0,0,0,
"04:05:27AM Nov 19, 2024",96,63,0,0,0,
"04:05:31AM Nov 19, 2024",96,63,0,0,0,
"04:05:35AM Nov 19, 2024",96,63,0,0,0,
"04:05:39AM Nov 19, 2024",96,62,0,0,0,
"04:05:43AM Nov 19, 2024",96,61,0,0,0,
"04:05:47AM Nov 19, 2024",96,61,0,0,0,
"04:05:51AM Nov 19, 2024",96,63,0,0,0,
"04:05:55AM Nov 19, 2024",96,64,0,0,0,
"04:05:59AM Nov 19, 2024",96,65,0,0,0,
"04:06:03AM Nov 19, 2024",96,65,5,0,0,
"04:06:07AM Nov 19, 2024",96,65,5,0,0,
"04:06:11AM Nov 19, 2024",96,65,65,0,0,
"04:06:15AM Nov 19, 2024",97,69,3,0,0,
"04:06:19AM Nov 19, 2024",96,83,0,0,0,
"04:06:23AM Nov 19, 2024",96,91,0,0,0,
"04:06:27AM Nov 19, 2024",96,73,0,0,0,
"04:06:31AM Nov 19, 2024",96,57,0,0,0,
"04:06:35AM Nov 19, 2024",96,56,0,0,0,
"04:06:39AM Nov 19, 2024",96,58,0,0,0,
"04:06:43AM Nov 19, 2024",96,57,0,0,0,
"04:06:47AM Nov 19, 2024",96,59,0,0,0,
"04:06:51AM Nov 19, 2024",95,59,0,0,0,
"04:06:55AM Nov 19, 2024",95,58,0,0,0,
"04:06:59AM Nov 19, 2024",95,56,0,0,0,
"04:07:03AM Nov 19, 2024",96,56,0,0,0,
"04:07:07AM Nov 19, 2024",96,57,0,0,0,
"04:07:11AM Nov 19, 2024",96,58,0,0,0,
"04:07:15AM Nov 19, 2024",95,60,0,0,0,
"04:07:19AM Nov 19, 2024",95,59,0,0,0,
"04:07:23AM Nov 19, 2024",95,64,0,0,0,
"04:07:27AM Nov 19, 2024",94,65,0,0,0,
"04:07:31AM Nov 19, 2024",93,57,0,0,0,
"04:07:35AM Nov 19, 2024",94,53,0,0,0,
"04:07:39AM Nov 19, 2024",95,57,0,0,0,
"04:07:43AM Nov 19, 2024",96,60,0,0,0,
"04:07:47AM Nov 19, 2024",96,61,0,0,0,
"04:07:51AM Nov 19, 2024",96,61,0,0,0,
"04:07:55AM Nov 19, 2024",96,59,0,0,0,
"04:07:59AM Nov 19, 2024",96,59,0,0,0,
"04:08:03AM Nov 19, 2024",95,61,0,0,0,
"04:08:07AM Nov 19, 2024",95,60,0,0,0,
"04:08:11AM Nov 19, 2024",95,58,0,0,0,
"04:08:15AM Nov 19, 2024",95,60,0,0,0,
"04:08:19AM Nov 19, 2024",95,64,0,0,0,
"04:08:23AM Nov 19, 2024",95,67,0,0,0,
"04:08:27AM Nov 19, 2024",94,65,0,0,0,
"04:08:31AM Nov 19, 2024",94,59,0,0,0,
"04:08:35AM Nov 19, 2024",95,58,0,0,0,
"04:08:39AM Nov 19, 2024",96,57,0,0,0,
"04:08:43AM Nov 19, 2024",96,59,0,0,0,
"04:08:47AM Nov 19, 2024",96,61,0,0,0,
"04:08:51AM Nov 19, 2024",96,62,0,0,0,
"04:08:55AM Nov 19, 2024",95,62,0,0,0,
"04:08:59AM Nov 19, 2024",95,64,0,0,0,
"04:09:03AM Nov 19, 2024",95,64,0,0,0,
"04:09:07AM Nov 19, 2024",95,63,0,0,0,
"04:09:11AM Nov 19, 2024",95,62,0,0,0,
"04:09:15AM Nov 19, 2024",95,62,0,0,0,
"04:09:19AM Nov 19, 2024",96,63,0,0,0,
"04:09:23AM Nov 19, 2024",96,63,0,0,0,
"04:09:27AM Nov 19, 2024",96,63,0,0,0,
"04:09:31AM Nov 19, 2024",96,64,0,0,0,
"04:09:35AM Nov 19, 2024",95,68,0,0,0,
"04:09:39AM Nov 19, 2024",94,66,0,0,0,
"04:09:43AM Nov 19, 2024",93,64,0,0,0,
"04:09:47AM Nov 19, 2024",93,68,0,0,0,
"04:09:51AM Nov 19, 2024",93,69,0,0,0,
"04:09:55AM Nov 19, 2024",95,70,1,0,0,
"04:09:59AM Nov 19, 2024",96,73,43,0,0,
"04:10:03AM Nov 19, 2024",96,76,0,0,0,
"04:10:07AM Nov 19, 2024",97,71,0,0,0,
"04:10:11AM Nov 19, 2024",97,62,0,0,0,
"04:10:15AM Nov 19, 2024",97,59,0,0,0,
"04:10:19AM Nov 19, 2024",97,61,0,0,0,
"04:10:23AM Nov 19, 2024",96,65,2,0,0,
"04:10:27AM Nov 19, 2024",95,71,0,0,0,
"04:10:31AM Nov 19, 2024",95,71,18,0,0,
"04:10:35AM Nov 19, 2024",95,71,9,0,0,
"04:10:39AM Nov 19, 2024",94,79,0,0,0,
"04:10:43AM Nov 19, 2024",94,84,6,0,0,
"04:10:47AM Nov 19, 2024",94,88,6,0,0,
"04:10:51AM Nov 19, 2024",96,88,0,0,0,
"04:10:55AM Nov 19, 2024",96,86,0,0,0,
"04:10:59AM Nov 19, 2024",96,76,0,0,0,
"04:11:03AM Nov 19, 2024",96,70,0,0,0,
"04:11:07AM Nov 19, 2024",97,67,0,0,0,
"04:11:11AM Nov 19, 2024",97,65,0,0,0,
"04:11:15AM Nov 19, 2024",97,63,0,0,0,
"04:11:19AM Nov 19, 2024",97,62,0,0,0,
"04:11:23AM Nov 19, 2024",97,62,0,0,0,
"04:11:27AM Nov 19, 2024",97,61,0,0,0,
"04:11:31AM Nov 19, 2024",97,58,0,0,0,
"04:11:35AM Nov 19, 2024",96,58,0,0,0,
"04:11:39AM Nov 19, 2024",96,61,0,0,0,
"04:11:43AM Nov 19, 2024",96,62,0,0,0,
"04:11:47AM Nov 19, 2024",96,63,0,0,0,
"04:11:51AM Nov 19, 2024",95,63,0,0,0,
"04:11:55AM Nov 19, 2024",96,60,0,0,0,
"04:11:59AM Nov 19, 2024",96,59,0,0,0,
"04:12:03AM Nov 19, 2024",96,60,0,0,0,
"04:12:07AM Nov 19, 2024",96,59,0,0,0,
"04:12:11AM Nov 19, 2024",96,59,0,0,0,
"04:12:15AM Nov 19, 2024",96,59,0,0,0,
"04:12:19AM Nov 19, 2024",95,59,0,0,0,
"04:12:23AM Nov 19, 2024",95,61,0,0,0,
"04:12:27AM Nov 19, 2024",95,61,0,0,0,
"04:12:31AM Nov 19, 2024",94,59,0,0,0,
"04:12:35AM Nov 19, 2024",95,61,0,0,0,
"04:12:39AM Nov 19, 2024",95,61,0,0,0,
"04:12:43AM Nov 19, 2024",95,62,0,0,0,
"04:12:47AM Nov 19, 2024",95,60,0,0,0,
"04:12:51AM Nov 19, 2024",95,61,0,0,0,
"04:12:55AM Nov 19, 2024",95,61,0,0,0,
"04:12:59AM Nov 19, 2024",95,62,0,0,0,
"04:13:03AM Nov 19, 2024",95,62,0,0,0,
"04:13:07AM Nov 19, 2024",95,62,0,0,0,
"04:13:11AM Nov 19, 2024",95,62,0,0,0,
"04:13:15AM Nov 19, 2024",95,64,0,0,0,
"04:13:19AM Nov 19, 2024",95,66,0,0,0,
"04:13:23AM Nov 19, 2024",95,67,0,0,0,
"04:13:27AM Nov 19, 2024",94,63,0,0,0,
"04:13:31AM Nov 19, 2024",93,58,0,0,0,
"04:13:35AM Nov 19, 2024",95,59,0,0,0,
"04:13:39AM Nov 19, 2024",95,62,0,0,0,
"04:13:43AM Nov 19, 2024",96,63,0,0,0,
"04:13:47AM Nov 19, 2024",96,64,0,0,0,
"04:13:51AM Nov 19, 2024",96,65,0,0,0,
"04:13:55AM Nov 19, 2024",95,65,0,0,0,
"04:13:59AM Nov 19, 2024",95,64,0,0,0,
"04:14:03AM Nov 19, 2024",94,65,0,0,0,
"04:14:07AM Nov 19, 2024",94,64,0,0,0,
"04:14:11AM Nov 19, 2024",94,65,0,0,0,
"04:14:15AM Nov 19, 2024",94,67,0,0,0,
"04:14:19AM Nov 19, 2024",94,69,0,0,0,
"04:14:23AM Nov 19, 2024",95,69,0,0,0,
"04:14:27AM Nov 19, 2024",95,68,0,0,0,
"04:14:31AM Nov 19, 2024",96,67,0,0,0,
"04:14:35AM Nov 19, 2024",96,67,0,0,0,
"04:14:39AM Nov 19, 2024",96,67,0,0,0,
"04:14:43AM Nov 19, 2024",95,66,0,0,0,
"04:14:47AM Nov 19, 2024",95,67,0,0,0,
"04:14:51AM Nov 19, 2024",96,67,0,0,0,
"04:14:55AM Nov 19, 2024",96,67,0,0,0,
"04:14:59AM Nov 19, 2024",96,66,0,0,0,
"04:15:03AM Nov 19, 2024",96,67,0,0,0,
"04:15:07AM Nov 19, 2024",96,67,0,0,0,
"04:15:11AM Nov 19, 2024",96,67,0,0,0,
"04:15:15AM Nov 19, 2024",96,65,0,0,0,
"04:15:19AM Nov 19, 2024",96,65,0,0,0,
"04:15:23AM Nov 19, 2024",95,66,0,0,0,
"04:15:27AM Nov 19, 2024",95,66,0,0,0,
"04:15:31AM Nov 19, 2024",95,67,0,0,0,
"04:15:35AM Nov 19, 2024",95,67,0,0,0,
"04:15:39AM Nov 19, 2024",95,66,0,0,0,
"04:15:43AM Nov 19, 2024",95,67,0,0,0,
"04:15:47AM Nov 19, 2024",95,68,0,0,0,
"04:15:51AM Nov 19, 2024",95,68,0,0,0,
"04:15:55AM Nov 19, 2024",94,67,0,0,0,
"04:15:59AM Nov 19, 2024",93,67,0,0,0,
"04:16:03AM Nov 19, 2024",93,70,0,0,0,
"04:16:07AM Nov 19, 2024",93,72,0,0,0,
"04:16:11AM Nov 19, 2024",92,70,0,0,0,
"04:16:15AM Nov 19, 2024",91,69,0,0,0,
"04:16:19AM Nov 19, 2024",92,67,0,0,0,
"04:16:23AM Nov 19, 2024",93,66,0,0,0,
"04:16:27AM Nov 19, 2024",95,65,0,0,0,
"04:16:31AM Nov 19, 2024",96,65,0,0,0,
"04:16:35AM Nov 19, 2024",96,66,0,0,0,
"04:16:39AM Nov 19, 2024",96,68,0,0,0,
"04:16:43AM Nov 19, 2024",95,70,0,0,0,
"04:16:47AM Nov 19, 2024",93,67,0,0,0,
"04:16:51AM Nov 19, 2024",92,62,0,0,0,
"04:16:55AM Nov 19, 2024",94,62,0,0,0,
"04:16:59AM Nov 19, 2024",96,64,0,0,0,
"04:17:03AM Nov 19, 2024",97,65,0,0,0,
"04:17:07AM Nov 19, 2024",97,65,0,0,0,
"04:17:11AM Nov 19, 2024",97,65,0,0,0,
"04:17:15AM Nov 19, 2024",96,66,0,0,0,
"04:17:19AM Nov 19, 2024",96,67,0,0,0,
"04:17:23AM Nov 19, 2024",95,68,0,0,0,
"04:17:27AM Nov 19, 2024",94,72,0,0,0,
"04:17:31AM Nov 19, 2024",92,72,0,0,0,
"04:17:35AM Nov 19, 2024",92,64,0,0,0,
"04:17:39AM Nov 19, 2024",93,62,0,0,0,
"04:17:43AM Nov 19, 2024",95,67,0,0,0,
"04:17:47AM Nov 19, 2024",96,68,0,0,0,
"04:17:51AM Nov 19, 2024",97,68,0,0,0,
"04:17:55AM Nov 19, 2024",97,67,7,0,0,
"04:17:59AM Nov 19, 2024",97,67,15,0,0,
"04:18:03AM Nov 19, 2024",96,67,0,0,0,
"04:18:07AM Nov 19, 2024",95,66,0,0,0,
"04:18:11AM Nov 19, 2024",95,61,0,0,0,
"04:18:15AM Nov 19, 2024",96,58,0,0,0,
"04:18:19AM Nov 19, 2024",96,58,0,0,0,
"04:18:23AM Nov 19, 2024",97,61,0,0,0,
"04:18:27AM Nov 19, 2024",97,63,0,0,0,
"04:18:31AM Nov 19, 2024",96,65,0,0,0,
"04:18:35AM Nov 19, 2024",96,64,0,0,0,
"04:18:39AM Nov 19, 2024",96,63,0,0,0,
"04:18:43AM Nov 19, 2024",96,63,0,0,0,
"04:18:47AM Nov 19, 2024",96,64,0,0,0,
"04:18:51AM Nov 19, 2024",96,66,0,0,0,
"04:18:55AM Nov 19, 2024",95,67,0,0,0,
"04:18:59AM Nov 19, 2024",95,66,0,0,0,
"04:19:03AM Nov 19, 2024",96,64,0,0,0,
"04:19:07AM Nov 19, 2024",96,64,0,0,0,
"04:19:11AM Nov 19, 2024",96,64,0,0,0,
"04:19:15AM Nov 19, 2024",96,64,0,0,0,
"04:19:19AM Nov 19, 2024",96,66,0,0,0,
"04:19:23AM Nov 19, 2024",96,67,0,0,0,
"04:19:27AM Nov 19, 2024",96,64,0,0,0,
"04:19:31AM Nov 19, 2024",96,63,0,0,0,
"04:19:35AM Nov 19, 2024",96,64,0,0,0,
"04:19:39AM Nov 19, 2024",96,64,0,0,0,
"04:19:43AM Nov 19, 2024",96,65,0,0,0,
"04:19:47AM Nov 19, 2024",95,66,0,0,0,
"04:19:51AM Nov 19, 2024",95,67,0,0,0,
"04:19:55AM Nov 19, 2024",95,68,0,0,0,
"04:19:59AM Nov 19, 2024",94,71,0,0,0,
"04:20:03AM Nov 19, 2024",94,78,0,0,0,
"04:20:07AM Nov 19, 2024",93,75,0,0,0,
"04:20:11AM Nov 19, 2024",93,67,0,0,0,
"04:20:15AM Nov 19, 2024",94,66,0,0,0,
"04:20:19AM Nov 19, 2024",95,66,0,0,0,
"04:20:23AM Nov 19, 2024",96,66,0,0,0,
"04:20:27AM Nov 19, 2024",96,66,0,0,0,
"04:20:31AM Nov 19, 2024",96,66,0,0,0,
"04:20:35AM Nov 19, 2024",96,65,0,0,0,
"04:20:39AM Nov 19, 2024",96,66,0,0,0,
"04:20:43AM Nov 19, 2024",96,67,0,0,0,
"04:20:47AM Nov 19, 2024",96,68,0,0,0,
"04:20:51AM Nov 19, 2024",96,70,0,0,0,
"04:20:55AM Nov 19, 2024",95,72,0,0,0,
"04:20:59AM Nov 19, 2024",95,70,0,0,0,
"04:21:03AM Nov 19, 2024",95,65,0,0,0,
"04:21:07AM Nov 19, 2024",96,66,0,0,0,
"04:21:11AM Nov 19, 2024",96,67,0,0,0,
"04:21:15AM Nov 19, 2024",96,66,0,0,0,
"04:21:19AM Nov 19, 2024",96,65,0,0,0,
"04:21:23AM Nov 19, 2024",96,66,0,0,0,
"04:21:27AM Nov 19, 2024",96,68,0,0,0,
"04:21:31AM Nov 19, 2024",96,67,0,0,0,
"04:21:35AM Nov 19, 2024",96,66,0,0,0,
"04:21:39AM Nov 19, 2024",96,66,0,0,0,
"04:21:43AM Nov 19, 2024",96,66,0,0,0,
"04:21:47AM Nov 19, 2024",95,66,0,0,0,
"04:21:51AM Nov 19, 2024",95,67,0,0,0,
"04:21:55AM Nov 19, 2024",95,67,0,0,0,
"04:21:59AM Nov 19, 2024",95,68,0,0,0,
"04:22:03AM Nov 19, 2024",95,67,0,0,0,
"04:22:07AM Nov 19, 2024",95,67,0,0,0,
"04:22:11AM Nov 19, 2024",95,67,0,0,0,
"04:22:15AM Nov 19, 2024",95,67,0,0,0,
"04:22:19AM Nov 19, 2024",95,67,0,0,0,
"04:22:23AM Nov 19, 2024",96,66,0,0,0,
"04:22:27AM Nov 19, 2024",96,65,4,0,0,
"04:22:31AM Nov 19, 2024",96,65,20,0,0,
"04:22:35AM Nov 19, 2024",96,65,0,0,0,
"04:22:39AM Nov 19, 2024",95,69,0,0,0,
"04:22:43AM Nov 19, 2024",95,67,0,0,0,
"04:22:47AM Nov 19, 2024",95,64,0,0,0,
"04:22:51AM Nov 19, 2024",96,63,0,0,0,
"04:22:55AM Nov 19, 2024",96,63,0,0,0,
"04:22:59AM Nov 19, 2024",95,63,0,0,0,
"04:23:03AM Nov 19, 2024",95,63,0,0,0,
"04:23:07AM Nov 19, 2024",95,63,0,0,0,
"04:23:11AM Nov 19, 2024",95,63,0,0,0,
"04:23:15AM Nov 19, 2024",95,63,0,0,0,
"04:23:19AM Nov 19, 2024",95,63,0,0,0,
"04:23:23AM Nov 19, 2024",95,62,0,0,0,
"04:23:27AM Nov 19, 2024",95,63,0,0,0,
"04:23:31AM Nov 19, 2024",95,63,0,0,0,
"04:23:35AM Nov 19, 2024",95,63,0,0,0,
"04:23:39AM Nov 19, 2024",95,63,0,0,0,
"04:23:43AM Nov 19, 2024",95,63,0,0,0,
"04:23:47AM Nov 19, 2024",96,64,0,0,0,
"04:23:51AM Nov 19, 2024",96,65,0,0,0,
"04:23:55AM Nov 19, 2024",96,67,0,0,0,
"04:23:59AM Nov 19, 2024",96,67,0,0,0,
"04:24:03AM Nov 19, 2024",96,69,0,0,0,
"04:24:07AM Nov 19, 2024",95,70,27,0,0,
"04:24:11AM Nov 19, 2024",95,70,15,0,0,
"04:24:15AM Nov 19, 2024",95,70,0,0,0,
"04:24:19AM Nov 19, 2024",95,70,8,0,0,
"04:24:23AM Nov 19, 2024",95,70,69,0,0,
"04:24:27AM Nov 19, 2024",95,70,22,0,0,
"04:24:31AM Nov 19, 2024",96,76,7,0,0,
"04:24:35AM Nov 19, 2024",96,78,0,0,0,
"04:24:39AM Nov 19, 2024",96,70,0,0,0,
"04:24:43AM Nov 19, 2024",97,54,0,0,0,
"04:24:47AM Nov 19, 2024",97,52,0,0,0,
"04:24:51AM Nov 19, 2024",97,56,0,0,0,
"04:24:55AM Nov 19, 2024",97,58,0,0,0,
"04:24:59AM Nov 19, 2024",97,56,0,0,0,
"04:25:03AM Nov 19, 2024",97,54,0,0,0,
"04:25:07AM Nov 19, 2024",97,56,1,0,0,
"04:25:11AM Nov 19, 2024",97,59,0,0,0,
"04:25:15AM Nov 19, 2024",97,60,0,0,0,
"04:25:19AM Nov 19, 2024",97,59,0,0,0,
"04:25:23AM Nov 19, 2024",97,60,0,0,0,
"04:25:27AM Nov 19, 2024",97,60,0,0,0,
"04:25:31AM Nov 19, 2024",97,60,0,0,0,
"04:25:35AM Nov 19, 2024",97,61,0,0,0,
"04:25:39AM Nov 19, 2024",97,62,4,0,0,
"04:25:43AM Nov 19, 2024",97,63,18,0,0,
"04:25:47AM Nov 19, 2024",96,68,0,0,0,
"04:25:51AM Nov 19, 2024",95,69,0,0,0,
"04:25:55AM Nov 19, 2024",96,63,0,0,0,
"04:25:59AM Nov 19, 2024",97,59,0,0,0,
"04:26:03AM Nov 19, 2024",97,59,0,0,0,
"04:26:07AM Nov 19, 2024",97,59,0,0,0,
"04:26:11AM Nov 19, 2024",96,60,0,0,0,
"04:26:15AM Nov 19, 2024",96,61,0,0,0,
"04:26:19AM Nov 19, 2024",95,63,0,0,0,
"04:26:23AM Nov 19, 2024",94,65,0,0,0,
"04:26:27AM Nov 19, 2024",93,63,0,0,0,
"04:26:31AM Nov 19, 2024",93,60,0,0,0,
"04:26:35AM Nov 19, 2024",95,60,0,0,0,
"04:26:39AM Nov 19, 2024",96,61,0,0,0,
"04:26:43AM Nov 19, 2024",96,61,0,0,0,
"04:26:47AM Nov 19, 2024",96,63,0,0,0,
"04:26:51AM Nov 19, 2024",95,63,0,0,0,
"04:26:55AM Nov 19, 2024",94,63,0,0,0,
"04:26:59AM Nov 19, 2024",94,67,0,0,0,
"04:27:03AM Nov 19, 2024",94,68,0,0,0,
"04:27:07AM Nov 19, 2024",94,67,7,0,0,
"04:27:11AM Nov 19, 2024",94,68,11,0,0,
"04:27:15AM Nov 19, 2024",94,73,6,0,0,
"04:27:19AM Nov 19, 2024",94,77,6,0,0,
"04:27:23AM Nov 19, 2024",94,82,0,0,0,
"04:27:27AM Nov 19, 2024",95,83,0,0,0,
"04:27:31AM Nov 19, 2024",96,77,0,0,0,
"04:27:35AM Nov 19, 2024",96,62,0,0,0,
"04:27:39AM Nov 19, 2024",96,56,0,0,0,
"04:27:43AM Nov 19, 2024",96,60,0,0,0,
"04:27:47AM Nov 19, 2024",96,59,0,0,0,
"04:27:51AM Nov 19, 2024",96,54,0,0,0,
"04:27:55AM Nov 19, 2024",97,55,0,0,0,
"04:27:59AM Nov 19, 2024",97,56,0,0,0,
"04:28:03AM Nov 19, 2024",97,57,0,0,0,
"04:28:07AM Nov 19, 2024",96,56,0,0,0,
"04:28:11AM Nov 19, 2024",96,56,0,0,0,
"04:28:15AM Nov 19, 2024",96,57,0,0,0,
"04:28:19AM Nov 19, 2024",96,58,0,0,0,
"04:28:23AM Nov 19, 2024",96,59,0,0,0,
"04:28:27AM Nov 19, 2024",96,59,0,0,0,
"04:28:31AM Nov 19, 2024",96,58,0,0,0,
"04:28:35AM Nov 19, 2024",96,58,0,0,0,
"04:28:39AM Nov 19, 2024",96,58,0,0,0,
"04:28:43AM Nov 19, 2024",96,58,0,0,0,
"04:28:47AM Nov 19, 2024",96,58,0,0,0,
"04:28:51AM Nov 19, 2024",96,57,0,0,0,
"04:28:55AM Nov 19, 2024",96,57,0,0,0,
"04:28:59AM Nov 19, 2024",96,57,0,0,0,
"04:29:03AM Nov 19, 2024",96,57,0,0,0,
"04:29:07AM Nov 19, 2024",96,57,0,0,0,
"04:29:11AM Nov 19, 2024",96,58,0,0,0,
"04:29:15AM Nov 19, 2024",96,58,0,0,0,
"04:29:19AM Nov 19, 2024",96,57,0,0,0,
"04:29:23AM Nov 19, 2024",96,59,0,0,0,
"04:29:27AM Nov 19, 2024",96,61,0,0,0,
"04:29:31AM Nov 19, 2024",96,60,0,0,0,
"04:29:35AM Nov 19, 2024",95,59,0,0,0,
"04:29:39AM Nov 19, 2024",95,60,0,0,0,
"04:29:43AM Nov 19, 2024",96,61,0,0,0,
"04:29:47AM Nov 19, 2024",96,58,0,0,0,
"04:29:51AM Nov 19, 2024",96,57,0,0,0,
"04:29:55AM Nov 19, 2024",96,58,0,0,0,
"04:29:59AM Nov 19, 2024",96,57,0,0,0,
"04:30:03AM Nov 19, 2024",96,57,0,0,0,
"04:30:07AM Nov 19, 2024",96,58,0,0,0,
"04:30:11AM Nov 19, 2024",96,59,0,0,0,
"04:30:15AM Nov 19, 2024",96,59,0,0,0,
"04:30:19AM Nov 19, 2024",96,63,0,0,0,
"04:30:23AM Nov 19, 2024",95,63,0,0,0,
"04:30:27AM Nov 19, 2024",95,62,0,0,0,
"04:30:31AM Nov 19, 2024",95,57,0,0,0,
"04:30:35AM Nov 19, 2024",95,58,0,0,0,
"04:30:39AM Nov 19, 2024",95,61,19,0,0,
"04:30:43AM Nov 19, 2024",95,61,13,0,0,
"04:30:47AM Nov 19, 2024",95,64,11,0,0,
"04:30:51AM Nov 19, 2024",95,66,2,0,0,
"04:30:55AM Nov 19, 2024",95,78,0,0,0,
"04:30:59AM Nov 19, 2024",95,86,0,0,0,
"04:31:03AM Nov 19, 2024",96,79,0,0,0,
"04:31:07AM Nov 19, 2024",96,66,0,0,0,
"04:31:11AM Nov 19, 2024",96,56,0,0,0,
"04:31:15AM Nov 19, 2024",96,55,0,0,0,
"04:31:19AM Nov 19, 2024",96,55,0,0,0,
"04:31:23AM Nov 19, 2024",96,56,0,0,0,
"04:31:27AM Nov 19, 2024",96,57,0,0,0,
"04:31:31AM Nov 19, 2024",96,56,0,0,0,
"04:31:35AM Nov 19, 2024",96,56,0,0,0,
"04:31:39AM Nov 19, 2024",96,58,0,0,0,
"04:31:43AM Nov 19, 2024",96,57,0,0,0,
"04:31:47AM Nov 19, 2024",96,57,0,0,0,
"04:31:51AM Nov 19, 2024",96,58,0,0,0,
"04:31:55AM Nov 19, 2024",96,58,0,0,0,
"04:31:59AM Nov 19, 2024",96,57,0,0,0,
"04:32:03AM Nov 19, 2024",96,58,0,0,0,
"04:32:07AM Nov 19, 2024",96,60,0,0,0,
"04:32:11AM Nov 19, 2024",96,61,0,0,0,
"04:32:15AM Nov 19, 2024",96,60,0,0,0,
"04:32:19AM Nov 19, 2024",96,62,0,0,0,
"04:32:23AM Nov 19, 2024",96,61,0,0,0,
"04:32:27AM Nov 19, 2024",96,59,0,0,0,
"04:32:31AM Nov 19, 2024",95,60,0,0,0,
"04:32:35AM Nov 19, 2024",96,59,0,0,0,
"04:32:39AM Nov 19, 2024",96,59,0,0,0,
"04:32:43AM Nov 19, 2024",96,60,0,0,0,
"04:32:47AM Nov 19, 2024",96,62,0,0,0,
"04:32:51AM Nov 19, 2024",95,61,0,0,0,
"04:32:55AM Nov 19, 2024",95,58,0,0,0,
"04:32:59AM Nov 19, 2024",95,59,0,0,0,
"04:33:03AM Nov 19, 2024",96,60,0,0,0,
"04:33:07AM Nov 19, 2024",96,60,0,0,0,
"04:33:11AM Nov 19, 2024",96,58,0,0,0,
"04:33:15AM Nov 19, 2024",96,59,0,0,0,
"04:33:19AM Nov 19, 2024",96,60,0,0,0,
"04:33:23AM Nov 19, 2024",96,59,0,0,0,
"04:33:27AM Nov 19, 2024",96,59,0,0,0,
"04:33:31AM Nov 19, 2024",96,60,0,0,0,
"04:33:35AM Nov 19, 2024",95,59,0,0,0,
"04:33:39AM Nov 19, 2024",95,57,0,0,0,
"04:33:43AM Nov 19, 2024",96,59,0,0,0,
"04:33:47AM Nov 19, 2024",96,60,0,0,0,
"04:33:51AM Nov 19, 2024",96,58,0,0,0,
"04:33:55AM Nov 19, 2024",96,58,0,0,0,
"04:33:59AM Nov 19, 2024",96,60,0,0,0,
"04:34:03AM Nov 19, 2024",96,61,0,0,0,
"04:34:07AM Nov 19, 2024",96,61,0,0,0,
"04:34:11AM Nov 19, 2024",96,60,0,0,0,
"04:34:15AM Nov 19, 2024",96,59,0,0,0,
"04:34:19AM Nov 19, 2024",96,59,0,0,0,
"04:34:23AM Nov 19, 2024",96,60,0,0,0,
"04:34:27AM Nov 19, 2024",96,61,0,0,0,
"04:34:31AM Nov 19, 2024",96,63,0,0,0,
"04:34:35AM Nov 19, 2024",96,60,0,0,0,
"04:34:39AM Nov 19, 2024",96,58,0,0,0,
"04:34:43AM Nov 19, 2024",96,60,0,0,0,
"04:34:47AM Nov 19, 2024",95,66,0,0,0,
"04:34:51AM Nov 19, 2024",95,67,0,0,0,
"04:34:55AM Nov 19, 2024",95,62,0,0,0,
"04:34:59AM Nov 19, 2024",95,56,0,0,0,
"04:35:03AM Nov 19, 2024",95,57,0,0,0,
"04:35:07AM Nov 19, 2024",96,59,0,0,0,
"04:35:11AM Nov 19, 2024",96,59,0,0,0,
"04:35:15AM Nov 19, 2024",96,59,0,0,0,
"04:35:19AM Nov 19, 2024",95,60,0,0,0,
"04:35:23AM Nov 19, 2024",95,62,0,0,0,
"04:35:27AM Nov 19, 2024",96,60,0,0,0,
"04:35:31AM Nov 19, 2024",96,60,0,0,0,
"04:35:35AM Nov 19, 2024",96,61,0,0,0,
"04:35:39AM Nov 19, 2024",96,60,0,0,0,
"04:35:43AM Nov 19, 2024",96,61,0,0,0,
"04:35:47AM Nov 19, 2024",96,61,0,0,0,
"04:35:51AM Nov 19, 2024",96,61,0,0,0,
"04:35:55AM Nov 19, 2024",96,61,0,0,0,
"04:35:59AM Nov 19, 2024",96,62,0,0,0,
"04:36:03AM Nov 19, 2024",95,63,0,0,0,
"04:36:07AM Nov 19, 2024",94,67,0,0,0,
"04:36:11AM Nov 19, 2024",94,67,0,0,0,
"04:36:15AM Nov 19, 2024",94,66,10,0,0,
"04:36:19AM Nov 19, 2024",94,67,27,0,0,
"04:36:23AM Nov 19, 2024",94,67,17,0,0,
"04:36:27AM Nov 19, 2024",95,75,0,0,0,
"04:36:31AM Nov 19, 2024",96,86,0,0,0,
"04:36:35AM Nov 19, 2024",96,85,0,0,0,
"04:36:39AM Nov 19, 2024",95,70,0,0,0,
"04:36:43AM Nov 19, 2024",96,58,0,0,0,
"04:36:47AM Nov 19, 2024",96,56,0,0,0,
"04:36:51AM Nov 19, 2024",96,56,0,0,0,
"04:36:55AM Nov 19, 2024",96,56,0,0,0,
"04:36:59AM Nov 19, 2024",96,58,0,0,0,
"04:37:03AM Nov 19, 2024",96,60,0,0,0,
"04:37:07AM Nov 19, 2024",97,59,0,0,0,
"04:37:11AM Nov 19, 2024",96,55,0,0,0,
"04:37:15AM Nov 19, 2024",96,54,0,0,0,
"04:37:19AM Nov 19, 2024",96,56,0,0,0,
"04:37:23AM Nov 19, 2024",96,57,0,0,0,
"04:37:27AM Nov 19, 2024",96,58,0,0,0,
"04:37:31AM Nov 19, 2024",96,58,0,0,0,
"04:37:35AM Nov 19, 2024",96,59,0,0,0,
"04:37:39AM Nov 19, 2024",96,60,0,0,0,
"04:37:43AM Nov 19, 2024",96,58,0,0,0,
"04:37:47AM Nov 19, 2024",96,57,0,0,0,
"04:37:51AM Nov 19, 2024",96,59,0,0,0,
"04:37:55AM Nov 19, 2024",96,60,0,0,0,
"04:37:59AM Nov 19, 2024",96,61,0,0,0,
"04:38:03AM Nov 19, 2024",96,62,0,0,0,
"04:38:07AM Nov 19, 2024",96,61,0,0,0,
"04:38:11AM Nov 19, 2024",96,57,0,0,0,
"04:38:15AM Nov 19, 2024",95,56,0,0,0,
"04:38:19AM Nov 19, 2024",96,59,0,0,0,
"04:38:23AM Nov 19, 2024",96,59,0,0,0,
"04:38:27AM Nov 19, 2024",96,59,0,0,0,
"04:38:31AM Nov 19, 2024",96,59,0,0,0,
"04:38:35AM Nov 19, 2024",96,61,0,0,0,
"04:38:39AM Nov 19, 2024",96,63,0,0,0,
"04:38:43AM Nov 19, 2024",95,62,0,0,0,
"04:38:47AM Nov 19, 2024",95,59,0,0,0,
"04:38:51AM Nov 19, 2024",96,59,0,0,0,
"04:38:55AM Nov 19, 2024",96,60,0,0,0,
"04:38:59AM Nov 19, 2024",96,60,0,0,0,
"04:39:03AM Nov 19, 2024",96,61,0,0,0,
"04:39:07AM Nov 19, 2024",96,62,0,0,0,
"04:39:11AM Nov 19, 2024",95,61,0,0,0,
"04:39:15AM Nov 19, 2024",95,59,0,0,0,
"04:39:19AM Nov 19, 2024",96,59,0,0,0,
"04:39:23AM Nov 19, 2024",96,61,0,0,0,
"04:39:27AM Nov 19, 2024",96,62,0,0,0,
"04:39:31AM Nov 19, 2024",96,62,0,0,0,
"04:39:35AM Nov 19, 2024",96,62,0,0,0,
"04:39:39AM Nov 19, 2024",96,62,0,0,0,
"04:39:43AM Nov 19, 2024",96,62,0,0,0,
"04:39:47AM Nov 19, 2024",96,62,0,0,0,
"04:39:51AM Nov 19, 2024",96,62,0,0,0,
"04:39:55AM Nov 19, 2024",96,62,0,0,0,
"04:39:59AM Nov 19, 2024",96,62,0,0,0,
"04:40:03AM Nov 19, 2024",96,61,0,0,0,
"04:40:07AM Nov 19, 2024",96,60,0,0,0,
"04:40:11AM Nov 19, 2024",96,62,0,0,0,
"04:40:15AM Nov 19, 2024",96,63,0,0,0,
"04:40:19AM Nov 19, 2024",96,63,0,0,0,
"04:40:23AM Nov 19, 2024",96,63,0,0,0,
"04:40:27AM Nov 19, 2024",96,62,0,0,0,
"04:40:31AM Nov 19, 2024",96,62,0,0,0,
"04:40:35AM Nov 19, 2024",96,63,0,0,0,
"04:40:39AM Nov 19, 2024",96,62,0,0,0,
"04:40:43AM Nov 19, 2024",96,62,0,0,0,
"04:40:47AM Nov 19, 2024",96,63,0,0,0,
"04:40:51AM Nov 19, 2024",96,63,0,0,0,
"04:40:55AM Nov 19, 2024",96,62,0,0,0,
"04:40:59AM Nov 19, 2024",96,62,0,0,0,
"04:41:03AM Nov 19, 2024",96,64,0,0,0,
"04:41:07AM Nov 19, 2024",96,65,0,0,0,
"04:41:11AM Nov 19, 2024",96,65,0,0,0,
"04:41:15AM Nov 19, 2024",96,63,0,0,0,
"04:41:19AM Nov 19, 2024",96,62,0,0,0,
"04:41:23AM Nov 19, 2024",96,62,0,0,0,
"04:41:27AM Nov 19, 2024",96,64,0,0,0,
"04:41:31AM Nov 19, 2024",96,64,0,0,0,
"04:41:35AM Nov 19, 2024",96,61,0,0,0,
"04:41:39AM Nov 19, 2024",96,60,0,0,0,
"04:41:43AM Nov 19, 2024",96,61,0,0,0,
"04:41:47AM Nov 19, 2024",96,61,0,0,0,
"04:41:51AM Nov 19, 2024",96,62,0,0,0,
"04:41:55AM Nov 19, 2024",96,62,0,0,0,
"04:41:59AM Nov 19, 2024",95,62,0,0,0,
"04:42:03AM Nov 19, 2024",95,62,0,0,0,
"04:42:07AM Nov 19, 2024",96,62,0,0,0,
"04:42:11AM Nov 19, 2024",96,61,0,0,0,
"04:42:15AM Nov 19, 2024",96,61,0,0,0,
"04:42:19AM Nov 19, 2024",96,61,0,0,0,
"04:42:23AM Nov 19, 2024",96,62,0,0,0,
"04:42:27AM Nov 19, 2024",96,63,0,0,0,
"04:42:31AM Nov 19, 2024",96,63,0,0,0,
"04:42:35AM Nov 19, 2024",96,62,0,0,0,
"04:42:39AM Nov 19, 2024",96,62,0,0,0,
"04:42:43AM Nov 19, 2024",96,63,0,0,0,
"04:42:47AM Nov 19, 2024",96,63,0,0,0,
"04:42:51AM Nov 19, 2024",96,63,0,0,0,
"04:42:55AM Nov 19, 2024",96,64,0,0,0,
"04:42:59AM Nov 19, 2024",96,63,0,0,0,
"04:43:03AM Nov 19, 2024",96,62,0,0,0,
"04:43:07AM Nov 19, 2024",96,62,0,0,0,
"04:43:11AM Nov 19, 2024",96,63,0,0,0,
"04:43:15AM Nov 19, 2024",96,64,0,0,0,
"04:43:19AM Nov 19, 2024",96,63,0,0,0,
"04:43:23AM Nov 19, 2024",96,63,0,0,0,
"04:43:27AM Nov 19, 2024",96,63,0,0,0,
"04:43:31AM Nov 19, 2024",96,63,0,0,0,
"04:43:35AM Nov 19, 2024",96,63,0,0,0,
"04:43:39AM Nov 19, 2024",96,63,0,0,0,
"04:43:43AM Nov 19, 2024",96,64,0,0,0,
"04:43:47AM Nov 19, 2024",96,65,0,0,0,
"04:43:51AM Nov 19, 2024",95,65,0,0,0,
"04:43:55AM Nov 19, 2024",95,63,0,0,0,
"04:43:59AM Nov 19, 2024",95,64,0,0,0,
"04:44:03AM Nov 19, 2024",95,63,0,0,0,
"04:44:07AM Nov 19, 2024",95,62,0,0,0,
"04:44:11AM Nov 19, 2024",96,63,0,0,0,
"04:44:15AM Nov 19, 2024",96,63,0,0,0,
"04:44:19AM Nov 19, 2024",96,61,0,0,0,
"04:44:23AM Nov 19, 2024",96,61,0,0,0,
"04:44:27AM Nov 19, 2024",96,61,0,0,0,
"04:44:31AM Nov 19, 2024",96,62,0,0,0,
"04:44:35AM Nov 19, 2024",96,63,0,0,0,
"04:44:39AM Nov 19, 2024",96,63,0,0,0,
"04:44:43AM Nov 19, 2024",96,62,0,0,0,
"04:44:47AM Nov 19, 2024",96,62,0,0,0,
"04:44:51AM Nov 19, 2024",95,61,0,0,0,
"04:44:55AM Nov 19, 2024",96,62,0,0,0,
"04:44:59AM Nov 19, 2024",96,63,0,0,0,
"04:45:03AM Nov 19, 2024",96,63,0,0,0,
"04:45:07AM Nov 19, 2024",96,64,0,0,0,
"04:45:11AM Nov 19, 2024",96,63,0,0,0,
"04:45:15AM Nov 19, 2024",96,63,0,0,0,
"04:45:19AM Nov 19, 2024",96,64,0,0,0,
"04:45:23AM Nov 19, 2024",96,63,0,0,0,
"04:45:27AM Nov 19, 2024",96,62,0,0,0,
"04:45:31AM Nov 19, 2024",96,62,0,0,0,
"04:45:35AM Nov 19, 2024",96,63,0,0,0,
"04:45:39AM Nov 19, 2024",96,63,0,0,0,
"04:45:43AM Nov 19, 2024",96,63,0,0,0,
"04:45:47AM Nov 19, 2024",96,62,0,0,0,
"04:45:51AM Nov 19, 2024",96,62,0,0,0,
"04:45:55AM Nov 19, 2024",96,63,0,0,0,
"04:45:59AM Nov 19, 2024",95,63,0,0,0,
"04:46:03AM Nov 19, 2024",96,61,0,0,0,
"04:46:07AM Nov 19, 2024",96,62,0,0,0,
"04:46:11AM Nov 19, 2024",96,63,0,0,0,
"04:46:15AM Nov 19, 2024",96,63,0,0,0,
"04:46:19AM Nov 19, 2024",96,62,0,0,0,
"04:46:23AM Nov 19, 2024",96,63,0,0,0,
"04:46:27AM Nov 19, 2024",96,64,0,0,0,
"04:46:31AM Nov 19, 2024",96,65,0,0,0,
"04:46:35AM Nov 19, 2024",95,65,0,0,0,
"04:46:39AM Nov 19, 2024",96,65,0,0,0,
"04:46:43AM Nov 19, 2024",96,64,0,0,0,
"04:46:47AM Nov 19, 2024",96,63,0,0,0,
"04:46:51AM Nov 19, 2024",96,63,0,0,0,
"04:46:55AM Nov 19, 2024",96,63,0,0,0,
"04:46:59AM Nov 19, 2024",96,62,0,0,0,
"04:47:03AM Nov 19, 2024",96,62,0,0,0,
"04:47:07AM Nov 19, 2024",96,64,0,0,0,
"04:47:11AM Nov 19, 2024",96,64,0,0,0,
"04:47:15AM Nov 19, 2024",96,63,0,0,0,
"04:47:19AM Nov 19, 2024",96,65,0,0,0,
"04:47:23AM Nov 19, 2024",96,63,0,0,0,
"04:47:27AM Nov 19, 2024",96,62,0,0,0,
"04:47:31AM Nov 19, 2024",96,62,0,0,0,
"04:47:35AM Nov 19, 2024",96,64,0,0,0,
"04:47:39AM Nov 19, 2024",96,64,0,0,0,
"04:47:43AM Nov 19, 2024",96,63,0,0,0,
"04:47:47AM Nov 19, 2024",96,63,0,0,0,
"04:47:51AM Nov 19, 2024",96,64,16,0,0,
"04:47:55AM Nov 19, 2024",96,64,19,0,0,
"04:47:59AM Nov 19, 2024",96,64,2,0,0,
"04:48:03AM Nov 19, 2024",96,64,2,0,0,
"04:48:07AM Nov 19, 2024",96,65,14,0,0,
"04:48:11AM Nov 19, 2024",96,65,0,0,0,
"04:48:15AM Nov 19, 2024",96,76,0,0,0,
"04:48:19AM Nov 19, 2024",96,73,0,0,0,
"04:48:23AM Nov 19, 2024",96,62,0,0,0,
"04:48:27AM Nov 19, 2024",96,53,0,0,0,
"04:48:31AM Nov 19, 2024",96,54,0,0,0,
"04:48:35AM Nov 19, 2024",96,58,0,0,0,
"04:48:39AM Nov 19, 2024",96,59,0,0,0,
"04:48:43AM Nov 19, 2024",96,56,0,0,0,
"04:48:47AM Nov 19, 2024",96,55,0,0,0,
"04:48:51AM Nov 19, 2024",97,57,0,0,0,
"04:48:55AM Nov 19, 2024",96,58,0,0,0,
"04:48:59AM Nov 19, 2024",96,58,0,0,0,
"04:49:03AM Nov 19, 2024",96,57,0,0,0,
"04:49:07AM Nov 19, 2024",96,57,0,0,0,
"04:49:11AM Nov 19, 2024",96,58,0,0,0,
"04:49:15AM Nov 19, 2024",96,59,0,0,0,
"04:49:19AM Nov 19, 2024",96,60,0,0,0,
"04:49:23AM Nov 19, 2024",96,61,0,0,0,
"04:49:27AM Nov 19, 2024",96,61,0,0,0,
"04:49:31AM Nov 19, 2024",95,60,0,0,0,
"04:49:35AM Nov 19, 2024",96,62,0,0,0,
"04:49:39AM Nov 19, 2024",96,63,0,0,0,
"04:49:43AM Nov 19, 2024",96,59,0,0,0,
"04:49:47AM Nov 19, 2024",96,61,0,0,0,
"04:49:51AM Nov 19, 2024",96,67,0,0,0,
"04:49:55AM Nov 19, 2024",95,62,0,0,0,
"04:49:59AM Nov 19, 2024",95,51,0,0,0,
"04:50:03AM Nov 19, 2024",96,53,0,0,0,
"04:50:07AM Nov 19, 2024",96,57,0,0,0,
"04:50:11AM Nov 19, 2024",97,60,0,0,0,
"04:50:15AM Nov 19, 2024",96,59,0,0,0,
"04:50:19AM Nov 19, 2024",96,57,0,0,0,
"04:50:23AM Nov 19, 2024",96,58,0,0,0,
"04:50:27AM Nov 19, 2024",96,59,0,0,0,
"04:50:31AM Nov 19, 2024",96,57,0,0,0,
"04:50:35AM Nov 19, 2024",96,58,0,0,0,
"04:50:39AM Nov 19, 2024",96,61,0,0,0,
"04:50:43AM Nov 19, 2024",96,62,0,0,0,
"04:50:47AM Nov 19, 2024",96,58,0,0,0,
"04:50:51AM Nov 19, 2024",96,57,0,0,0,
"04:50:55AM Nov 19, 2024",96,60,0,0,0,
"04:50:59AM Nov 19, 2024",96,61,0,0,0,
"04:51:03AM Nov 19, 2024",96,62,0,0,0,
"04:51:07AM Nov 19, 2024",96,62,0,0,0,
"04:51:11AM Nov 19, 2024",95,62,0,0,0,
"04:51:15AM Nov 19, 2024",95,60,0,0,0,
"04:51:19AM Nov 19, 2024",96,60,0,0,0,
"04:51:23AM Nov 19, 2024",96,61,0,0,0,
"04:51:27AM Nov 19, 2024",96,61,0,0,0,
"04:51:31AM Nov 19, 2024",96,60,0,0,0,
"04:51:35AM Nov 19, 2024",96,60,0,0,0,
"04:51:39AM Nov 19, 2024",96,60,0,0,0,
"04:51:43AM Nov 19, 2024",96,61,0,0,0,
"04:51:47AM Nov 19, 2024",96,62,0,0,0,
"04:51:51AM Nov 19, 2024",96,61,0,0,0,
"04:51:55AM Nov 19, 2024",96,60,0,0,0,
"04:51:59AM Nov 19, 2024",96,61,0,0,0,
"04:52:03AM Nov 19, 2024",96,63,0,0,0,
"04:52:07AM Nov 19, 2024",96,64,0,0,0,
"04:52:11AM Nov 19, 2024",96,63,0,0,0,
"04:52:15AM Nov 19, 2024",96,66,0,0,0,
"04:52:19AM Nov 19, 2024",95,68,0,0,0,
"04:52:23AM Nov 19, 2024",95,63,0,0,0,
"04:52:27AM Nov 19, 2024",95,56,0,0,0,
"04:52:31AM Nov 19, 2024",96,56,0,0,0,
"04:52:35AM Nov 19, 2024",96,64,0,0,0,
"04:52:39AM Nov 19, 2024",96,72,0,0,0,
"04:52:43AM Nov 19, 2024",96,71,7,0,0,
"04:52:47AM Nov 19, 2024",96,72,18,0,0,
"04:52:51AM Nov 19, 2024",96,72,16,0,0,
"04:52:55AM Nov 19, 2024",96,72,0,0,0,
"04:52:59AM Nov 19, 2024",96,76,0,0,0,
"04:53:03AM Nov 19, 2024",96,80,0,0,0,
"04:53:07AM Nov 19, 2024",97,74,0,0,0,
"04:53:11AM Nov 19, 2024",96,63,0,0,0,
"04:53:15AM Nov 19, 2024",96,58,0,0,0,
"04:53:19AM Nov 19, 2024",96,58,0,0,0,
"04:53:23AM Nov 19, 2024",96,59,0,0,0,
"04:53:27AM Nov 19, 2024",96,58,0,0,0,
"04:53:31AM Nov 19, 2024",97,60,17,0,0,
"04:53:35AM Nov 19, 2024",97,60,23,0,0,
"04:53:39AM Nov 19, 2024",96,57,9,0,0,
"04:53:43AM Nov 19, 2024",97,58,14,0,0,
"04:53:47AM Nov 19, 2024",97,58,55,0,0,
"04:53:51AM Nov 19, 2024",96,63,8,0,0,
"04:53:55AM Nov 19, 2024",96,67,4,0,0,
"04:53:59AM Nov 19, 2024",95,79,0,0,0,
"04:54:03AM Nov 19, 2024",96,88,0,0,0,
"04:54:07AM Nov 19, 2024",96,81,0,0,0,
"04:54:11AM Nov 19, 2024",96,75,0,0,0,
"04:54:15AM Nov 19, 2024",96,66,0,0,0,
"04:54:19AM Nov 19, 2024",96,66,0,0,0,
"04:54:23AM Nov 19, 2024",96,67,0,0,0,
"04:54:27AM Nov 19, 2024",96,67,0,0,0,
"04:54:31AM Nov 19, 2024",97,66,0,0,0,
"04:54:35AM Nov 19, 2024",96,61,0,0,0,
"04:54:39AM Nov 19, 2024",96,58,0,0,0,
"04:54:43AM Nov 19, 2024",96,62,0,0,0,
"04:54:47AM Nov 19, 2024",96,63,0,0,0,
"04:54:51AM Nov 19, 2024",96,59,0,0,0,
"04:54:55AM Nov 19, 2024",96,57,0,0,0,
"04:54:59AM Nov 19, 2024",96,57,0,0,0,
"04:55:03AM Nov 19, 2024",96,59,0,0,0,
"04:55:07AM Nov 19, 2024",96,60,0,0,0,
"04:55:11AM Nov 19, 2024",95,62,0,0,0,
"04:55:15AM Nov 19, 2024",95,67,0,0,0,
"04:55:19AM Nov 19, 2024",95,69,0,0,0,
"04:55:23AM Nov 19, 2024",94,65,0,0,0,
"04:55:27AM Nov 19, 2024",95,67,0,0,0,
"04:55:31AM Nov 19, 2024",95,74,0,0,0,
"04:55:35AM Nov 19, 2024",95,71,0,0,0,
"04:55:39AM Nov 19, 2024",96,63,0,0,0,
"04:55:43AM Nov 19, 2024",96,61,0,0,0,
"04:55:47AM Nov 19, 2024",96,64,25,0,0,
"04:55:51AM Nov 19, 2024",96,68,0,0,0,
"04:55:55AM Nov 19, 2024",95,72,0,0,0,
"04:55:59AM Nov 19, 2024",95,72,3,0,0,
"04:56:03AM Nov 19, 2024",96,72,0,0,0,
"04:56:07AM Nov 19, 2024",96,72,1,0,0,
"04:56:11AM Nov 19, 2024",96,76,0,0,0,
"04:56:15AM Nov 19, 2024",96,79,1,0,0,
"04:56:19AM Nov 19, 2024",96,80,1,0,0,
"04:56:23AM Nov 19, 2024",96,70,0,0,0,
"04:56:27AM Nov 19, 2024",96,61,0,0,0,
"04:56:31AM Nov 19, 2024",96,59,0,0,0,
"04:56:35AM Nov 19, 2024",96,61,0,0,0,
"04:56:39AM Nov 19, 2024",96,63,0,0,0,
"04:56:43AM Nov 19, 2024",96,66,0,0,0,
"04:56:47AM Nov 19, 2024",96,67,0,0,0,
"04:56:51AM Nov 19, 2024",96,66,0,0,0,
"04:56:55AM Nov 19, 2024",96,66,0,0,0,
"04:56:59AM Nov 19, 2024",96,63,0,0,0,
"04:57:03AM Nov 19, 2024",96,65,13,0,0,
"04:57:07AM Nov 19, 2024",96,66,22,0,0,
"04:57:11AM Nov 19, 2024",96,66,13,0,0,
"04:57:15AM Nov 19, 2024",96,68,44,0,0,
"04:57:19AM Nov 19, 2024",96,70,9,0,0,
"04:57:23AM Nov 19, 2024",96,72,7,0,0,
"04:57:27AM Nov 19, 2024",96,72,1,0,0,
"04:57:31AM Nov 19, 2024",96,74,0,0,0,
"04:57:35AM Nov 19, 2024",96,69,0,0,0,
"04:57:39AM Nov 19, 2024",96,59,0,0,0,
"04:57:43AM Nov 19, 2024",97,59,0,0,0,
"04:57:47AM Nov 19, 2024",96,58,0,0,0,
"04:57:51AM Nov 19, 2024",96,57,0,0,0,
"04:57:55AM Nov 19, 2024",95,59,0,0,0,
"04:57:59AM Nov 19, 2024",95,59,0,0,0,
"04:58:03AM Nov 19, 2024",95,59,0,0,0,
"04:58:07AM Nov 19, 2024",95,61,0,0,0,
"04:58:11AM Nov 19, 2024",95,62,0,0,0,
"04:58:15AM Nov 19, 2024",96,60,0,0,0,
"04:58:19AM Nov 19, 2024",95,61,0,0,0,
"04:58:23AM Nov 19, 2024",95,66,0,0,0,
"04:58:27AM Nov 19, 2024",95,65,0,0,0,
"04:58:31AM Nov 19, 2024",95,60,0,0,0,
"04:58:35AM Nov 19, 2024",95,59,2,0,0,
"04:58:39AM Nov 19, 2024",95,60,4,0,0,
"04:58:43AM Nov 19, 2024",95,60,11,0,0,
"04:58:47AM Nov 19, 2024",95,60,3,0,0,
"04:58:51AM Nov 19, 2024",95,63,1,0,0,
"04:58:55AM Nov 19, 2024",95,71,0,0,0,
"04:58:59AM Nov 19, 2024",95,75,0,0,0,
"04:59:03AM Nov 19, 2024",95,75,16,0,0,
"04:59:07AM Nov 19, 2024",96,77,20,0,0,
"04:59:11AM Nov 19, 2024",96,79,15,0,0,
"04:59:15AM Nov 19, 2024",96,81,9,0,0,
"04:59:19AM Nov 19, 2024",96,78,1,0,0,
"04:59:23AM Nov 19, 2024",95,71,0,0,0,
"04:59:27AM Nov 19, 2024",97,62,0,0,0,
"04:59:31AM Nov 19, 2024",97,64,0,0,0,
"04:59:35AM Nov 19, 2024",97,63,0,0,0,
"04:59:39AM Nov 19, 2024",97,67,0,0,0,
"04:59:43AM Nov 19, 2024",97,66,0,0,0,
"04:59:47AM Nov 19, 2024",97,62,0,0,0,
"04:59:51AM Nov 19, 2024",97,63,0,0,0,
"04:59:55AM Nov 19, 2024",97,65,0,0,0,
"04:59:59AM Nov 19, 2024",96,66,1,0,0,
"05:00:03AM Nov 19, 2024",96,70,1,0,0,
"05:00:07AM Nov 19, 2024",96,68,0,0,0,
"05:00:11AM Nov 19, 2024",96,61,0,0,0,
"05:00:15AM Nov 19, 2024",96,59,0,0,0,
"05:00:19AM Nov 19, 2024",97,60,0,0,0,
"05:00:23AM Nov 19, 2024",96,61,0,0,0,
"05:00:27AM Nov 19, 2024",96,62,0,0,0,
"05:00:31AM Nov 19, 2024",97,65,0,0,0,
"05:00:35AM Nov 19, 2024",97,67,0,0,0,
"05:00:39AM Nov 19, 2024",97,67,0,0,0,
"05:00:43AM Nov 19, 2024",97,69,0,0,0,
"05:00:47AM Nov 19, 2024",96,69,0,0,0,
"05:00:51AM Nov 19, 2024",96,65,0,0,0,
"05:00:55AM Nov 19, 2024",96,62,0,0,0,
"05:00:59AM Nov 19, 2024",96,63,23,0,0,
"05:01:03AM Nov 19, 2024",96,63,17,0,0,
"05:01:07AM Nov 19, 2024",96,63,9,0,0,
"05:01:11AM Nov 19, 2024",96,63,0,0,0,
"05:01:15AM Nov 19, 2024",96,64,0,0,0,
"05:01:19AM Nov 19, 2024",96,63,0,0,0,
"05:01:23AM Nov 19, 2024",97,61,1,0,0,
"05:01:27AM Nov 19, 2024",97,61,0,0,0,
"05:01:31AM Nov 19, 2024",96,62,0,0,0,
"05:01:35AM Nov 19, 2024",96,61,0,0,0,
"05:01:39AM Nov 19, 2024",96,62,0,0,0,
"05:01:43AM Nov 19, 2024",96,61,0,0,0,
"05:01:47AM Nov 19, 2024",96,62,0,0,0,
"05:01:51AM Nov 19, 2024",96,65,0,0,0,
"05:01:55AM Nov 19, 2024",96,64,0,0,0,
"05:01:59AM Nov 19, 2024",96,64,0,0,0,
"05:02:03AM Nov 19, 2024",96,67,0,0,0,
"05:02:07AM Nov 19, 2024",96,70,0,0,0,
"05:02:11AM Nov 19, 2024",95,65,0,0,0,
"05:02:15AM Nov 19, 2024",96,60,0,0,0,
"05:02:19AM Nov 19, 2024",97,60,0,0,0,
"05:02:23AM Nov 19, 2024",97,61,0,0,0,
"05:02:27AM Nov 19, 2024",96,59,0,0,0,
"05:02:31AM Nov 19, 2024",96,58,0,0,0,
"05:02:35AM Nov 19, 2024",96,59,0,0,0,
"05:02:39AM Nov 19, 2024",96,60,0,0,0,
"05:02:43AM Nov 19, 2024",96,60,0,0,0,
"05:02:47AM Nov 19, 2024",96,61,0,0,0,
"05:02:51AM Nov 19, 2024",96,59,0,0,0,
"05:02:55AM Nov 19, 2024",96,58,0,0,0,
"05:02:59AM Nov 19, 2024",96,59,0,0,0,
"05:03:03AM Nov 19, 2024",96,64,0,0,0,
"05:03:07AM Nov 19, 2024",95,67,0,0,0,
"05:03:11AM Nov 19, 2024",93,60,0,0,0,
"05:03:15AM Nov 19, 2024",93,55,0,0,0,
"05:03:19AM Nov 19, 2024",95,57,0,0,0,
"05:03:23AM Nov 19, 2024",97,60,1,0,0,
"05:03:27AM Nov 19, 2024",97,63,0,0,0,
"05:03:31AM Nov 19, 2024",96,66,0,0,0,
"05:03:35AM Nov 19, 2024",94,61,0,0,0,
"05:03:39AM Nov 19, 2024",94,55,0,0,0,
"05:03:43AM Nov 19, 2024",95,55,0,0,0,
"05:03:47AM Nov 19, 2024",96,56,0,0,0,
"05:03:51AM Nov 19, 2024",97,56,0,0,0,
"05:03:55AM Nov 19, 2024",97,55,1,0,0,
"05:03:59AM Nov 19, 2024",96,56,0,0,0,
"05:04:03AM Nov 19, 2024",96,57,0,0,0,
"05:04:07AM Nov 19, 2024",96,59,0,0,0,
"05:04:11AM Nov 19, 2024",95,65,1,0,0,
"05:04:15AM Nov 19, 2024",94,65,0,0,0,
"05:04:19AM Nov 19, 2024",94,57,0,0,0,
"05:04:23AM Nov 19, 2024",95,54,0,0,0,
"05:04:27AM Nov 19, 2024",96,57,0,0,0,
"05:04:31AM Nov 19, 2024",97,58,0,0,0,
"05:04:35AM Nov 19, 2024",97,59,0,0,0,
"05:04:39AM Nov 19, 2024",96,60,1,0,0,
"05:04:43AM Nov 19, 2024",96,59,1,0,0,
"05:04:47AM Nov 19, 2024",96,60,0,0,0,
"05:04:51AM Nov 19, 2024",95,60,0,0,0,
"05:04:55AM Nov 19, 2024",95,60,0,0,0,
"05:04:59AM Nov 19, 2024",95,64,0,0,0,
"05:05:03AM Nov 19, 2024",94,67,0,0,0,
"05:05:07AM Nov 19, 2024",94,60,0,0,0,
"05:05:11AM Nov 19, 2024",95,56,1,0,0,
"05:05:15AM Nov 19, 2024",96,58,0,0,0,
"05:05:19AM Nov 19, 2024",97,58,0,0,0,
"05:05:23AM Nov 19, 2024",97,59,0,0,0,
"05:05:27AM Nov 19, 2024",96,63,0,0,0,
"05:05:31AM Nov 19, 2024",95,65,1,0,0,
"05:05:35AM Nov 19, 2024",94,59,0,0,0,
"05:05:39AM Nov 19, 2024",94,54,0,0,0,
"05:05:43AM Nov 19, 2024",95,55,0,0,0,
"05:05:47AM Nov 19, 2024",96,61,0,0,0,
"05:05:51AM Nov 19, 2024",97,68,0,0,0,
"05:05:55AM Nov 19, 2024",96,67,0,0,0,
"05:05:59AM Nov 19, 2024",95,57,0,0,0,
"05:06:03AM Nov 19, 2024",96,53,0,0,0,
"05:06:07AM Nov 19, 2024",96,55,0,0,0,
"05:06:11AM Nov 19, 2024",97,59,1,0,0,
"05:06:15AM Nov 19, 2024",97,59,0,0,0,
"05:06:19AM Nov 19, 2024",96,59,0,0,0,
"05:06:23AM Nov 19, 2024",96,59,0,0,0,
"05:06:27AM Nov 19, 2024",96,60,0,0,0,
"05:06:31AM Nov 19, 2024",96,62,0,0,0,
"05:06:35AM Nov 19, 2024",96,61,0,0,0,
"05:06:39AM Nov 19, 2024",96,61,0,0,0,
"05:06:43AM Nov 19, 2024",96,62,0,0,0,
"05:06:47AM Nov 19, 2024",96,64,0,0,0,
"05:06:51AM Nov 19, 2024",95,63,0,0,0,
"05:06:55AM Nov 19, 2024",95,58,0,0,0,
"05:06:59AM Nov 19, 2024",96,57,0,0,0,
"05:07:03AM Nov 19, 2024",96,59,0,0,0,
"05:07:07AM Nov 19, 2024",96,61,1,0,0,
"05:07:11AM Nov 19, 2024",96,61,0,0,0,
"05:07:15AM Nov 19, 2024",96,60,0,0,0,
"05:07:19AM Nov 19, 2024",96,60,1,0,0,
"05:07:23AM Nov 19, 2024",96,58,0,0,0,
"05:07:27AM Nov 19, 2024",96,58,1,0,0,
"05:07:31AM Nov 19, 2024",96,61,0,0,0,
"05:07:35AM Nov 19, 2024",96,63,1,0,0,
"05:07:39AM Nov 19, 2024",95,62,0,0,0,
"05:07:43AM Nov 19, 2024",96,64,0,0,0,
"05:07:47AM Nov 19, 2024",96,65,0,0,0,
"05:07:51AM Nov 19, 2024",96,63,0,0,0,
"05:07:55AM Nov 19, 2024",96,63,0,0,0,
"05:07:59AM Nov 19, 2024",96,62,0,0,0,
"05:08:03AM Nov 19, 2024",96,60,0,0,0,
"05:08:07AM Nov 19, 2024",96,61,0,0,0,
"05:08:11AM Nov 19, 2024",95,67,0,0,0,
"05:08:15AM Nov 19, 2024",94,68,0,0,0,
"05:08:19AM Nov 19, 2024",94,65,0,0,0,
"05:08:23AM Nov 19, 2024",95,60,0,0,0,
"05:08:27AM Nov 19, 2024",96,63,0,0,0,
"05:08:31AM Nov 19, 2024",97,65,1,0,0,
"05:08:35AM Nov 19, 2024",97,63,0,0,0,
"05:08:39AM Nov 19, 2024",96,60,0,0,0,
"05:08:43AM Nov 19, 2024",96,60,0,0,0,
"05:08:47AM Nov 19, 2024",96,62,0,0,0,
"05:08:51AM Nov 19, 2024",96,67,0,0,0,
"05:08:55AM Nov 19, 2024",95,69,1,0,0,
"05:08:59AM Nov 19, 2024",94,58,0,0,0,
"05:09:03AM Nov 19, 2024",95,52,0,0,0,
"05:09:07AM Nov 19, 2024",96,56,0,0,0,
"05:09:11AM Nov 19, 2024",97,58,0,0,0,
"05:09:15AM Nov 19, 2024",97,60,0,0,0,
"05:09:19AM Nov 19, 2024",97,62,0,0,0,
"05:09:23AM Nov 19, 2024",97,61,0,0,0,
"05:09:27AM Nov 19, 2024",96,60,1,0,0,
"05:09:31AM Nov 19, 2024",96,60,0,0,0,
"05:09:35AM Nov 19, 2024",96,61,0,0,0,
"05:09:39AM Nov 19, 2024",96,60,0,0,0,
"05:09:43AM Nov 19, 2024",96,60,1,0,0,
"05:09:47AM Nov 19, 2024",96,62,0,0,0,
"05:09:51AM Nov 19, 2024",96,62,0,0,0,
"05:09:55AM Nov 19, 2024",96,63,1,0,0,
"05:09:59AM Nov 19, 2024",95,66,0,0,0,
"05:10:03AM Nov 19, 2024",95,67,1,0,0,
"05:10:07AM Nov 19, 2024",95,66,0,0,0,
"05:10:11AM Nov 19, 2024",95,63,1,0,0,
"05:10:15AM Nov 19, 2024",96,57,0,0,0,
"05:10:19AM Nov 19, 2024",97,58,0,0,0,
"05:10:23AM Nov 19, 2024",97,60,1,0,0,
"05:10:27AM Nov 19, 2024",97,62,0,0,0,
"05:10:31AM Nov 19, 2024",97,62,0,0,0,
"05:10:35AM Nov 19, 2024",96,61,1,0,0,
"05:10:39AM Nov 19, 2024",96,60,0,0,0,
"05:10:43AM Nov 19, 2024",96,63,0,0,0,
"05:10:47AM Nov 19, 2024",96,65,0,0,0,
"05:10:51AM Nov 19, 2024",96,64,1,0,0,
"05:10:55AM Nov 19, 2024",96,59,0,0,0,
"05:10:59AM Nov 19, 2024",96,58,0,0,0,
"05:11:03AM Nov 19, 2024",97,59,0,0,0,
"05:11:07AM Nov 19, 2024",97,59,0,0,0,
"05:11:11AM Nov 19, 2024",97,62,1,0,0,
"05:11:15AM Nov 19, 2024",96,68,1,0,0,
"05:11:19AM Nov 19, 2024",95,70,0,0,0,
"05:11:23AM Nov 19, 2024",95,72,0,0,0,
"05:11:27AM Nov 19, 2024",95,72,2,0,0,
"05:11:31AM Nov 19, 2024",95,71,4,0,0,
"05:11:35AM Nov 19, 2024",95,72,5,0,0,
"05:11:39AM Nov 19, 2024",96,77,0,0,0,
"05:11:43AM Nov 19, 2024",97,74,0,0,0,
"05:11:47AM Nov 19, 2024",97,69,0,0,0,
"05:11:51AM Nov 19, 2024",96,62,4,0,0,
"05:11:55AM Nov 19, 2024",96,62,14,0,0,
"05:11:59AM Nov 19, 2024",96,62,17,0,0,
"05:12:03AM Nov 19, 2024",96,66,0,0,0,
"05:12:07AM Nov 19, 2024",96,71,6,0,0,
"05:12:11AM Nov 19, 2024",96,74,5,0,0,
"05:12:15AM Nov 19, 2024",96,77,15,0,0,
"05:12:19AM Nov 19, 2024",96,80,39,0,0,
"05:12:23AM Nov 19, 2024",96,86,0,0,0,
"05:12:27AM Nov 19, 2024",96,87,0,0,0,
"05:12:31AM Nov 19, 2024",97,79,0,0,0,
"05:12:35AM Nov 19, 2024",97,65,0,0,0,
"05:12:39AM Nov 19, 2024",97,65,0,0,0,
"05:12:43AM Nov 19, 2024",97,68,0,0,0,
"05:12:47AM Nov 19, 2024",97,68,0,0,0,
"05:12:51AM Nov 19, 2024",97,65,0,0,0,
"05:12:55AM Nov 19, 2024",97,65,40,0,0,
"05:12:59AM Nov 19, 2024",97,65,29,0,0,
"05:13:03AM Nov 19, 2024",97,65,13,0,0,
"05:13:07AM Nov 19, 2024",97,67,0,0,0,
"05:13:11AM Nov 19, 2024",97,76,0,0,0,
"05:13:15AM Nov 19, 2024",96,81,0,0,0,
"05:13:19AM Nov 19, 2024",97,74,0,0,0,
"05:13:23AM Nov 19, 2024",97,65,0,0,0,
"05:13:27AM Nov 19, 2024",97,61,0,0,0,
"05:13:31AM Nov 19, 2024",96,61,0,0,0,
"05:13:35AM Nov 19, 2024",96,61,0,0,0,
"05:13:39AM Nov 19, 2024",96,60,0,0,0,
"05:13:43AM Nov 19, 2024",96,60,0,0,0,
"05:13:47AM Nov 19, 2024",96,62,0,0,0,
"05:13:51AM Nov 19, 2024",96,63,0,0,0,
"05:13:55AM Nov 19, 2024",96,67,0,0,0,
"05:13:59AM Nov 19, 2024",96,71,0,0,0,
"05:14:03AM Nov 19, 2024",96,66,0,0,0,
"05:14:07AM Nov 19, 2024",96,59,0,0,0,
"05:14:11AM Nov 19, 2024",96,60,0,0,0,
"05:14:15AM Nov 19, 2024",96,63,0,0,0,
"05:14:19AM Nov 19, 2024",96,67,0,0,0,
"05:14:23AM Nov 19, 2024",96,69,7,0,0,
"05:14:27AM Nov 19, 2024",96,71,6,0,0,
"05:14:31AM Nov 19, 2024",96,72,0,0,0,
"05:14:35AM Nov 19, 2024",96,71,0,0,0,
"05:14:39AM Nov 19, 2024",96,70,0,0,0,
"05:14:43AM Nov 19, 2024",96,67,0,0,0,
"05:14:47AM Nov 19, 2024",97,64,0,0,0,
"05:14:51AM Nov 19, 2024",97,60,0,0,0,
"05:14:55AM Nov 19, 2024",97,59,0,0,0,
"05:14:59AM Nov 19, 2024",95,64,0,0,0,
"05:15:03AM Nov 19, 2024",94,65,0,0,0,
"05:15:07AM Nov 19, 2024",93,58,0,0,0,
"05:15:11AM Nov 19, 2024",95,54,0,0,0,
"05:15:15AM Nov 19, 2024",96,55,0,0,0,
"05:15:19AM Nov 19, 2024",97,57,0,0,0,
"05:15:23AM Nov 19, 2024",96,61,0,0,0,
"05:15:27AM Nov 19, 2024",95,67,0,0,0,
"05:15:31AM Nov 19, 2024",94,67,0,0,0,
"05:15:35AM Nov 19, 2024",94,66,0,0,0,
"05:15:39AM Nov 19, 2024",94,67,0,0,0,
"05:15:43AM Nov 19, 2024",95,62,0,0,0,
"05:15:47AM Nov 19, 2024",96,59,0,0,0,
"05:15:51AM Nov 19, 2024",96,64,0,0,0,
"05:15:55AM Nov 19, 2024",95,72,0,0,0,
"05:15:59AM Nov 19, 2024",95,73,3,0,0,
"05:16:03AM Nov 19, 2024",95,73,9,0,0,
"05:16:07AM Nov 19, 2024",95,72,0,0,0,
"05:16:11AM Nov 19, 2024",95,72,10,0,0,
"05:16:15AM Nov 19, 2024",95,72,0,0,0,
"05:16:19AM Nov 19, 2024",95,72,7,0,0,
"05:16:23AM Nov 19, 2024",96,74,0,0,0,
"05:16:27AM Nov 19, 2024",95,77,7,0,0,
"05:16:31AM Nov 19, 2024",95,77,3,0,0,
"05:16:35AM Nov 19, 2024",94,82,0,0,0,
"05:16:39AM Nov 19, 2024",94,80,0,0,0,
"05:16:43AM Nov 19, 2024",95,63,0,0,0,
"05:16:47AM Nov 19, 2024",96,55,0,0,0,
"05:16:51AM Nov 19, 2024",96,58,0,0,0,
"05:16:55AM Nov 19, 2024",95,56,0,0,0,
"05:16:59AM Nov 19, 2024",94,53,0,0,0,
"05:17:03AM Nov 19, 2024",94,54,0,0,0,
"05:17:07AM Nov 19, 2024",95,55,0,0,0,
"05:17:11AM Nov 19, 2024",95,54,0,0,0,
"05:17:15AM Nov 19, 2024",95,54,0,0,0,
"05:17:19AM Nov 19, 2024",95,55,0,0,0,
"05:17:23AM Nov 19, 2024",95,55,0,0,0,
"05:17:27AM Nov 19, 2024",95,60,0,0,0,
"05:17:31AM Nov 19, 2024",94,64,0,0,0,
"05:17:35AM Nov 19, 2024",94,61,0,0,0,
"05:17:39AM Nov 19, 2024",93,56,0,0,0,
"05:17:43AM Nov 19, 2024",94,52,0,0,0,
"05:17:47AM Nov 19, 2024",95,52,0,0,0,
"05:17:51AM Nov 19, 2024",96,54,0,0,0,
"05:17:55AM Nov 19, 2024",96,55,0,0,0,
"05:17:59AM Nov 19, 2024",96,56,0,0,0,
"05:18:03AM Nov 19, 2024",95,57,0,0,0,
"05:18:07AM Nov 19, 2024",95,56,0,0,0,
"05:18:11AM Nov 19, 2024",95,55,0,0,0,
"05:18:15AM Nov 19, 2024",95,57,0,0,0,
"05:18:19AM Nov 19, 2024",94,62,0,0,0,
"05:18:23AM Nov 19, 2024",94,66,2,0,0,
"05:18:27AM Nov 19, 2024",94,66,14,0,0,
"05:18:31AM Nov 19, 2024",94,62,3,0,0,
"05:18:35AM Nov 19, 2024",94,62,0,0,0,
"05:18:39AM Nov 19, 2024",96,59,0,0,0,
"05:18:43AM Nov 19, 2024",97,58,0,0,0,
"05:18:47AM Nov 19, 2024",97,56,0,0,0,
"05:18:51AM Nov 19, 2024",96,59,0,0,0,
"05:18:55AM Nov 19, 2024",96,60,0,0,0,
"05:18:59AM Nov 19, 2024",96,58,0,0,0,
"05:19:03AM Nov 19, 2024",95,55,0,0,0,
"05:19:07AM Nov 19, 2024",96,54,0,0,0,
"05:19:11AM Nov 19, 2024",96,55,0,0,0,
"05:19:15AM Nov 19, 2024",96,56,0,0,0,
"05:19:19AM Nov 19, 2024",96,57,0,0,0,
"05:19:23AM Nov 19, 2024",96,58,0,0,0,
"05:19:27AM Nov 19, 2024",95,61,0,0,0,
"05:19:31AM Nov 19, 2024",95,58,0,0,0,
"05:19:35AM Nov 19, 2024",95,53,0,0,0,
"05:19:39AM Nov 19, 2024",95,51,0,0,0,
"05:19:43AM Nov 19, 2024",96,53,0,0,0,
"05:19:47AM Nov 19, 2024",96,54,0,0,0,
"05:19:51AM Nov 19, 2024",96,54,0,0,0,
"05:19:55AM Nov 19, 2024",96,54,0,0,0,
"05:19:59AM Nov 19, 2024",96,55,0,0,0,
"05:20:03AM Nov 19, 2024",96,57,0,0,0,
"05:20:07AM Nov 19, 2024",96,57,0,0,0,
"05:20:11AM Nov 19, 2024",95,57,0,0,0,
"05:20:15AM Nov 19, 2024",95,61,6,0,0,
"05:20:19AM Nov 19, 2024",95,62,0,0,0,
"05:20:23AM Nov 19, 2024",95,65,0,0,0,
"05:20:27AM Nov 19, 2024",95,60,0,0,0,
"05:20:31AM Nov 19, 2024",96,54,0,0,0,
"05:20:35AM Nov 19, 2024",96,52,0,0,0,
"05:20:39AM Nov 19, 2024",97,53,0,0,0,
"05:20:43AM Nov 19, 2024",97,54,0,0,0,
"05:20:47AM Nov 19, 2024",97,56,0,0,0,
"05:20:51AM Nov 19, 2024",97,54,0,0,0,
"05:20:55AM Nov 19, 2024",97,53,0,0,0,
"05:20:59AM Nov 19, 2024",97,54,0,0,0,
"05:21:03AM Nov 19, 2024",96,54,0,0,0,
"05:21:07AM Nov 19, 2024",96,52,0,0,0,
"05:21:11AM Nov 19, 2024",96,55,0,0,0,
"05:21:15AM Nov 19, 2024",96,55,0,0,0,
"05:21:19AM Nov 19, 2024",96,54,0,0,0,
"05:21:23AM Nov 19, 2024",96,55,0,0,0,
"05:21:27AM Nov 19, 2024",96,56,0,0,0,
"05:21:31AM Nov 19, 2024",96,56,0,0,0,
"05:21:35AM Nov 19, 2024",96,55,0,0,0,
"05:21:39AM Nov 19, 2024",96,54,0,0,0,
"05:21:43AM Nov 19, 2024",96,52,0,0,0,
"05:21:47AM Nov 19, 2024",97,52,0,0,0,
"05:21:51AM Nov 19, 2024",97,56,0,0,0,
"05:21:55AM Nov 19, 2024",96,58,0,0,0,
"05:21:59AM Nov 19, 2024",96,56,0,0,0,
"05:22:03AM Nov 19, 2024",96,56,0,0,0,
"05:22:07AM Nov 19, 2024",96,58,0,0,0,
"05:22:11AM Nov 19, 2024",96,59,0,0,0,
"05:22:15AM Nov 19, 2024",96,55,0,0,0,
"05:22:19AM Nov 19, 2024",96,55,0,0,0,
"05:22:23AM Nov 19, 2024",96,58,0,0,0,
"05:22:27AM Nov 19, 2024",96,57,0,0,0,
"05:22:31AM Nov 19, 2024",96,56,0,0,0,
"05:22:35AM Nov 19, 2024",96,57,0,0,0,
"05:22:39AM Nov 19, 2024",96,58,0,0,0,
"05:22:43AM Nov 19, 2024",96,57,0,0,0,
"05:22:47AM Nov 19, 2024",96,56,0,0,0,
"05:22:51AM Nov 19, 2024",96,57,0,0,0,
"05:22:55AM Nov 19, 2024",96,58,0,0,0,
"05:22:59AM Nov 19, 2024",96,61,0,0,0,
"05:23:03AM Nov 19, 2024",96,64,0,0,0,
"05:23:07AM Nov 19, 2024",96,62,0,0,0,
"05:23:11AM Nov 19, 2024",96,59,0,0,0,
"05:23:15AM Nov 19, 2024",95,61,0,0,0,
"05:23:19AM Nov 19, 2024",96,63,0,0,0,
"05:23:23AM Nov 19, 2024",96,62,0,0,0,
"05:23:27AM Nov 19, 2024",96,60,0,0,0,
"05:23:31AM Nov 19, 2024",96,58,0,0,0,
"05:23:35AM Nov 19, 2024",96,58,0,0,0,
"05:23:39AM Nov 19, 2024",96,59,0,0,0,
"05:23:43AM Nov 19, 2024",96,60,0,0,0,
"05:23:47AM Nov 19, 2024",96,60,0,0,0,
"05:23:51AM Nov 19, 2024",96,60,0,0,0,
"05:23:55AM Nov 19, 2024",96,62,0,0,0,
"05:23:59AM Nov 19, 2024",95,66,0,0,0,
"05:24:03AM Nov 19, 2024",95,67,0,0,0,
"05:24:07AM Nov 19, 2024",95,67,0,0,0,
"05:24:11AM Nov 19, 2024",95,68,0,0,0,
"05:24:15AM Nov 19, 2024",95,69,0,0,0,
"05:24:19AM Nov 19, 2024",95,68,0,0,0,
"05:24:23AM Nov 19, 2024",95,61,0,0,0,
"05:24:27AM Nov 19, 2024",96,56,0,0,0,
"05:24:31AM Nov 19, 2024",96,56,0,0,0,
"05:24:35AM Nov 19, 2024",97,58,0,0,0,
"05:24:39AM Nov 19, 2024",96,59,0,0,0,
"05:24:43AM Nov 19, 2024",96,59,0,0,0,
"05:24:47AM Nov 19, 2024",97,60,0,0,0,
"05:24:51AM Nov 19, 2024",97,60,0,0,0,
"05:24:55AM Nov 19, 2024",96,61,0,0,0,
"05:24:59AM Nov 19, 2024",96,62,1,0,0,
"05:25:03AM Nov 19, 2024",96,63,0,0,0,
"05:25:07AM Nov 19, 2024",96,63,1,0,0,
"05:25:11AM Nov 19, 2024",96,63,0,0,0,
"05:25:15AM Nov 19, 2024",96,64,0,0,0,
"05:25:19AM Nov 19, 2024",96,65,0,0,0,
"05:25:23AM Nov 19, 2024",96,64,0,0,0,
"05:25:27AM Nov 19, 2024",96,62,0,0,0,
"05:25:31AM Nov 19, 2024",96,61,0,0,0,
"05:25:35AM Nov 19, 2024",96,62,0,0,0,
"05:25:39AM Nov 19, 2024",96,65,0,0,0,
"05:25:43AM Nov 19, 2024",97,65,0,0,0,
"05:25:47AM Nov 19, 2024",96,63,0,0,0,
"05:25:51AM Nov 19, 2024",96,63,0,0,0,
"05:25:55AM Nov 19, 2024",96,67,0,0,0,
"05:25:59AM Nov 19, 2024",96,70,0,0,0,
"05:26:03AM Nov 19, 2024",95,69,0,0,0,
"05:26:07AM Nov 19, 2024",95,66,0,0,0,
"05:26:11AM Nov 19, 2024",96,62,0,0,0,
"05:26:15AM Nov 19, 2024",96,59,1,0,0,
"05:26:19AM Nov 19, 2024",97,60,0,0,0,
"05:26:23AM Nov 19, 2024",97,61,0,0,0,
"05:26:27AM Nov 19, 2024",97,62,0,0,0,
"05:26:31AM Nov 19, 2024",97,61,0,0,0,
"05:26:35AM Nov 19, 2024",97,61,0,0,0,
"05:26:39AM Nov 19, 2024",97,61,0,0,0,
"05:26:43AM Nov 19, 2024",97,61,0,0,0,
"05:26:47AM Nov 19, 2024",96,61,0,0,0,
"05:26:51AM Nov 19, 2024",96,62,0,0,0,
"05:26:55AM Nov 19, 2024",96,63,0,0,0,
"05:26:59AM Nov 19, 2024",96,64,0,0,0,
"05:27:03AM Nov 19, 2024",96,63,0,0,0,
"05:27:07AM Nov 19, 2024",96,62,0,0,0,
"05:27:11AM Nov 19, 2024",96,62,0,0,0,
"05:27:15AM Nov 19, 2024",96,63,0,0,0,
"05:27:19AM Nov 19, 2024",96,64,0,0,0,
"05:27:23AM Nov 19, 2024",96,63,0,0,0,
"05:27:27AM Nov 19, 2024",96,64,0,0,0,
"05:27:31AM Nov 19, 2024",96,62,0,0,0,
"05:27:35AM Nov 19, 2024",96,61,0,0,0,
"05:27:39AM Nov 19, 2024",96,61,1,0,0,
"05:27:43AM Nov 19, 2024",96,63,0,0,0,
"05:27:47AM Nov 19, 2024",96,66,0,0,0,
"05:27:51AM Nov 19, 2024",96,65,0,0,0,
"05:27:55AM Nov 19, 2024",96,64,0,0,0,
"05:27:59AM Nov 19, 2024",96,67,0,0,0,
"05:28:03AM Nov 19, 2024",96,70,0,0,0,
"05:28:07AM Nov 19, 2024",96,68,0,0,0,
"05:28:11AM Nov 19, 2024",96,62,0,0,0,
"05:28:15AM Nov 19, 2024",96,60,0,0,0,
"05:28:19AM Nov 19, 2024",96,63,0,0,0,
"05:28:23AM Nov 19, 2024",96,63,0,0,0,
"05:28:27AM Nov 19, 2024",96,59,0,0,0,
"05:28:31AM Nov 19, 2024",97,58,0,0,0,
"05:28:35AM Nov 19, 2024",97,60,0,0,0,
"05:28:39AM Nov 19, 2024",97,62,0,0,0,
"05:28:43AM Nov 19, 2024",97,63,0,0,0,
"05:28:47AM Nov 19, 2024",97,66,0,0,0,
"05:28:51AM Nov 19, 2024",97,68,0,0,0,
"05:28:55AM Nov 19, 2024",96,64,0,0,0,
"05:28:59AM Nov 19, 2024",96,61,0,0,0,
"05:29:03AM Nov 19, 2024",97,61,0,0,0,
"05:29:07AM Nov 19, 2024",97,61,0,0,0,
"05:29:11AM Nov 19, 2024",97,61,0,0,0,
"05:29:15AM Nov 19, 2024",97,61,0,0,0,
"05:29:19AM Nov 19, 2024",97,61,0,0,0,
"05:29:23AM Nov 19, 2024",97,61,0,0,0,
"05:29:27AM Nov 19, 2024",97,63,0,0,0,
"05:29:31AM Nov 19, 2024",97,65,0,0,0,
"05:29:35AM Nov 19, 2024",97,65,0,0,0,
"05:29:39AM Nov 19, 2024",97,65,1,0,0,
"05:29:43AM Nov 19, 2024",96,68,0,0,0,
"05:29:47AM Nov 19, 2024",96,71,0,0,0,
"05:29:51AM Nov 19, 2024",96,70,0,0,0,
"05:29:55AM Nov 19, 2024",96,64,0,0,0,
"05:29:59AM Nov 19, 2024",96,63,0,0,0,
"05:30:03AM Nov 19, 2024",96,64,0,0,0,
"05:30:07AM Nov 19, 2024",97,62,0,0,0,
"05:30:11AM Nov 19, 2024",97,59,1,0,0,
"05:30:15AM Nov 19, 2024",97,60,0,0,0,
"05:30:19AM Nov 19, 2024",97,64,0,0,0,
"05:30:23AM Nov 19, 2024",97,68,0,0,0,
"05:30:27AM Nov 19, 2024",97,67,0,0,0,
"05:30:31AM Nov 19, 2024",97,64,0,0,0,
"05:30:35AM Nov 19, 2024",97,62,0,0,0,
"05:30:39AM Nov 19, 2024",97,60,0,0,0,
"05:30:43AM Nov 19, 2024",97,61,0,0,0,
"05:30:47AM Nov 19, 2024",97,62,0,0,0,
"05:30:51AM Nov 19, 2024",97,63,0,0,0,
"05:30:55AM Nov 19, 2024",97,62,0,0,0,
"05:30:59AM Nov 19, 2024",96,60,0,0,0,
"05:31:03AM Nov 19, 2024",96,60,0,0,0,
"05:31:07AM Nov 19, 2024",97,61,0,0,0,
"05:31:11AM Nov 19, 2024",97,63,0,0,0,
"05:31:15AM Nov 19, 2024",97,67,0,0,0,
"05:31:19AM Nov 19, 2024",96,69,0,0,0,
"05:31:23AM Nov 19, 2024",95,65,0,0,0,
"05:31:27AM Nov 19, 2024",95,62,0,0,0,
"05:31:31AM Nov 19, 2024",96,62,0,0,0,
"05:31:35AM Nov 19, 2024",96,62,0,0,0,
"05:31:39AM Nov 19, 2024",97,61,0,0,0,
"05:31:43AM Nov 19, 2024",97,61,0,0,0,
"05:31:47AM Nov 19, 2024",97,63,0,0,0,
"05:31:51AM Nov 19, 2024",97,63,0,0,0,
"05:31:55AM Nov 19, 2024",97,63,0,0,0,
"05:31:59AM Nov 19, 2024",97,62,0,0,0,
"05:32:03AM Nov 19, 2024",97,62,0,0,0,
"05:32:07AM Nov 19, 2024",96,65,0,0,0,
"05:32:11AM Nov 19, 2024",96,68,0,0,0,
"05:32:15AM Nov 19, 2024",96,68,0,0,0,
"05:32:19AM Nov 19, 2024",95,66,0,0,0,
"05:32:23AM Nov 19, 2024",96,64,0,0,0,
"05:32:27AM Nov 19, 2024",96,64,0,0,0,
"05:32:31AM Nov 19, 2024",97,64,0,0,0,
"05:32:35AM Nov 19, 2024",97,63,0,0,0,
"05:32:39AM Nov 19, 2024",97,65,0,0,0,
"05:32:43AM Nov 19, 2024",97,65,0,0,0,
"05:32:47AM Nov 19, 2024",97,67,0,0,0,
"05:32:51AM Nov 19, 2024",97,70,0,0,0,
"05:32:55AM Nov 19, 2024",97,68,0,0,0,
"05:32:59AM Nov 19, 2024",97,65,0,0,0,
"05:33:03AM Nov 19, 2024",97,65,0,0,0,
"05:33:07AM Nov 19, 2024",97,63,0,0,0,
"05:33:11AM Nov 19, 2024",97,63,0,0,0,
"05:33:15AM Nov 19, 2024",97,64,0,0,0,
"05:33:19AM Nov 19, 2024",97,63,0,0,0,
"05:33:23AM Nov 19, 2024",97,62,0,0,0,
"05:33:27AM Nov 19, 2024",97,62,0,0,0,
"05:33:31AM Nov 19, 2024",97,63,0,0,0,
"05:33:35AM Nov 19, 2024",97,66,0,0,0,
"05:33:39AM Nov 19, 2024",97,67,31,0,0,
"05:33:43AM Nov 19, 2024",97,67,2,0,0,
"05:33:47AM Nov 19, 2024",97,67,4,0,0,
"05:33:51AM Nov 19, 2024",96,68,17,0,0,
"05:33:55AM Nov 19, 2024",96,68,7,0,0,
"05:33:59AM Nov 19, 2024",96,72,19,0,0,
"05:34:03AM Nov 19, 2024",95,72,0,0,0,
"05:34:07AM Nov 19, 2024",95,67,0,0,0,
"05:34:11AM Nov 19, 2024",97,56,0,0,0,
"05:34:15AM Nov 19, 2024",97,52,0,0,0,
"05:34:19AM Nov 19, 2024",97,52,0,0,0,
"05:34:23AM Nov 19, 2024",97,52,0,0,0,
"05:34:27AM Nov 19, 2024",97,54,0,0,0,
"05:34:31AM Nov 19, 2024",97,52,0,0,0,
"05:34:35AM Nov 19, 2024",96,52,0,0,0,
"05:34:39AM Nov 19, 2024",96,54,0,0,0,
"05:34:43AM Nov 19, 2024",96,57,0,0,0,
"05:34:47AM Nov 19, 2024",96,56,0,0,0,
"05:34:51AM Nov 19, 2024",96,57,0,0,0,
"05:34:55AM Nov 19, 2024",96,56,0,0,0,
"05:34:59AM Nov 19, 2024",96,56,0,0,0,
"05:35:03AM Nov 19, 2024",96,57,0,0,0,
"05:35:07AM Nov 19, 2024",95,59,0,0,0,
"05:35:11AM Nov 19, 2024",95,59,0,0,0,
"05:35:15AM Nov 19, 2024",95,58,0,0,0,
"05:35:19AM Nov 19, 2024",95,58,0,0,0,
"05:35:23AM Nov 19, 2024",95,57,0,0,0,
"05:35:27AM Nov 19, 2024",96,58,0,0,0,
"05:35:31AM Nov 19, 2024",96,58,0,0,0,
"05:35:35AM Nov 19, 2024",96,59,0,0,0,
"05:35:39AM Nov 19, 2024",96,59,0,0,0,
"05:35:43AM Nov 19, 2024",95,58,0,0,0,
"05:35:47AM Nov 19, 2024",95,60,0,0,0,
"05:35:51AM Nov 19, 2024",95,59,0,0,0,
"05:35:55AM Nov 19, 2024",95,56,0,0,0,
"05:35:59AM Nov 19, 2024",95,56,0,0,0,
"05:36:03AM Nov 19, 2024",95,58,0,0,0,
"05:36:07AM Nov 19, 2024",95,58,0,0,0,
"05:36:11AM Nov 19, 2024",94,56,0,0,0,
"05:36:15AM Nov 19, 2024",94,58,11,0,0,
"05:36:19AM Nov 19, 2024",94,58,14,0,0,
"05:36:23AM Nov 19, 2024",94,58,0,0,0,
"05:36:27AM Nov 19, 2024",94,57,0,0,0,
"05:36:31AM Nov 19, 2024",95,54,0,0,0,
"05:36:35AM Nov 19, 2024",96,54,0,0,0,
"05:36:39AM Nov 19, 2024",97,52,0,0,0,
"05:36:43AM Nov 19, 2024",97,55,0,0,0,
"05:36:47AM Nov 19, 2024",97,57,0,0,0,
"05:36:51AM Nov 19, 2024",96,60,0,0,0,
"05:36:55AM Nov 19, 2024",96,63,0,0,0,
"05:36:59AM Nov 19, 2024",96,58,0,0,0,
"05:37:03AM Nov 19, 2024",96,53,0,0,0,
"05:37:07AM Nov 19, 2024",96,54,0,0,0,
"05:37:11AM Nov 19, 2024",96,53,0,0,0,
"05:37:15AM Nov 19, 2024",97,55,0,0,0,
"05:37:19AM Nov 19, 2024",97,57,0,0,0,
"05:37:23AM Nov 19, 2024",96,58,0,0,0,
"05:37:27AM Nov 19, 2024",96,58,0,0,0,
"05:37:31AM Nov 19, 2024",96,58,0,0,0,
"05:37:35AM Nov 19, 2024",96,59,0,0,0,
"05:37:39AM Nov 19, 2024",95,60,0,0,0,
"05:37:43AM Nov 19, 2024",95,58,0,0,0,
"05:37:47AM Nov 19, 2024",95,58,0,0,0,
"05:37:51AM Nov 19, 2024",95,60,3,0,0,
"05:37:55AM Nov 19, 2024",95,60,6,0,0,
"05:37:59AM Nov 19, 2024",95,63,0,0,0,
"05:38:03AM Nov 19, 2024",95,63,0,0,0,
"05:38:07AM Nov 19, 2024",95,65,0,0,0,
"05:38:11AM Nov 19, 2024",95,67,0,0,0,
"05:38:15AM Nov 19, 2024",96,67,14,0,0,
"05:38:19AM Nov 19, 2024",96,67,5,0,0,
"05:38:23AM Nov 19, 2024",96,74,0,0,0,
"05:38:27AM Nov 19, 2024",96,80,0,0,0,
"05:38:31AM Nov 19, 2024",97,70,0,0,0,
"05:38:35AM Nov 19, 2024",97,59,0,0,0,
"05:38:39AM Nov 19, 2024",97,54,0,0,0,
"05:38:43AM Nov 19, 2024",97,53,0,0,0,
"05:38:47AM Nov 19, 2024",97,52,0,0,0,
"05:38:51AM Nov 19, 2024",97,52,0,0,0,
"05:38:55AM Nov 19, 2024",96,53,0,0,0,
"05:38:59AM Nov 19, 2024",96,55,0,0,0,
"05:39:03AM Nov 19, 2024",97,54,0,0,0,
"05:39:07AM Nov 19, 2024",97,54,0,0,0,
"05:39:11AM Nov 19, 2024",97,55,0,0,0,
"05:39:15AM Nov 19, 2024",97,55,0,0,0,
"05:39:19AM Nov 19, 2024",97,56,0,0,0,
"05:39:23AM Nov 19, 2024",97,57,0,0,0,
"05:39:27AM Nov 19, 2024",96,56,0,0,0,
"05:39:31AM Nov 19, 2024",96,55,0,0,0,
"05:39:35AM Nov 19, 2024",96,56,0,0,0,
"05:39:39AM Nov 19, 2024",96,56,0,0,0,
"05:39:43AM Nov 19, 2024",96,56,0,0,0,
"05:39:47AM Nov 19, 2024",96,57,0,0,0,
"05:39:51AM Nov 19, 2024",96,58,0,0,0,
"05:39:55AM Nov 19, 2024",96,58,0,0,0,
"05:39:59AM Nov 19, 2024",96,58,0,0,0,
"05:40:03AM Nov 19, 2024",96,58,0,0,0,
"05:40:07AM Nov 19, 2024",96,58,0,0,0,
"05:40:11AM Nov 19, 2024",96,58,0,0,0,
"05:40:15AM Nov 19, 2024",96,58,0,0,0,
"05:40:19AM Nov 19, 2024",96,58,0,0,0,
"05:40:23AM Nov 19, 2024",96,60,0,0,0,
"05:40:27AM Nov 19, 2024",96,59,0,0,0,
"05:40:31AM Nov 19, 2024",96,57,0,0,0,
"05:40:35AM Nov 19, 2024",96,59,0,0,0,
"05:40:39AM Nov 19, 2024",96,59,0,0,0,
"05:40:43AM Nov 19, 2024",96,59,0,0,0,
"05:40:47AM Nov 19, 2024",96,60,0,0,0,
"05:40:51AM Nov 19, 2024",96,57,0,0,0,
"05:40:55AM Nov 19, 2024",96,55,0,0,0,
"05:40:59AM Nov 19, 2024",96,57,0,0,0,
"05:41:03AM Nov 19, 2024",96,58,0,0,0,
"05:41:07AM Nov 19, 2024",96,56,0,0,0,
"05:41:11AM Nov 19, 2024",96,55,0,0,0,
"05:41:15AM Nov 19, 2024",96,57,0,0,0,
"05:41:19AM Nov 19, 2024",96,60,0,0,0,
"05:41:23AM Nov 19, 2024",96,60,0,0,0,
"05:41:27AM Nov 19, 2024",96,60,0,0,0,
"05:41:31AM Nov 19, 2024",95,60,0,0,0,
"05:41:35AM Nov 19, 2024",95,58,0,0,0,
"05:41:39AM Nov 19, 2024",95,59,0,0,0,
"05:41:43AM Nov 19, 2024",95,60,0,0,0,
"05:41:47AM Nov 19, 2024",96,59,0,0,0,
"05:41:51AM Nov 19, 2024",96,56,0,0,0,
"05:41:55AM Nov 19, 2024",95,58,0,0,0,
"05:41:59AM Nov 19, 2024",95,58,0,0,0,
"05:42:03AM Nov 19, 2024",96,60,0,0,0,
"05:42:07AM Nov 19, 2024",96,65,0,0,0,
"05:42:11AM Nov 19, 2024",96,61,0,0,0,
"05:42:15AM Nov 19, 2024",96,56,0,0,0,
"05:42:19AM Nov 19, 2024",96,55,0,0,0,
"05:42:23AM Nov 19, 2024",97,58,0,0,0,
"05:42:27AM Nov 19, 2024",97,58,0,0,0,
"05:42:31AM Nov 19, 2024",97,57,0,0,0,
"05:42:35AM Nov 19, 2024",97,58,0,0,0,
"05:42:39AM Nov 19, 2024",96,60,0,0,0,
"05:42:43AM Nov 19, 2024",97,60,0,0,0,
"05:42:47AM Nov 19, 2024",96,60,0,0,0,
"05:42:51AM Nov 19, 2024",97,60,0,0,0,
"05:42:55AM Nov 19, 2024",97,59,0,0,0,
"05:42:59AM Nov 19, 2024",96,60,0,0,0,
"05:43:03AM Nov 19, 2024",96,60,0,0,0,
"05:43:07AM Nov 19, 2024",96,58,0,0,0,
"05:43:11AM Nov 19, 2024",97,58,0,0,0,
"05:43:15AM Nov 19, 2024",97,60,0,0,0,
"05:43:19AM Nov 19, 2024",96,62,0,0,0,
"05:43:23AM Nov 19, 2024",96,64,0,0,0,
"05:43:27AM Nov 19, 2024",96,64,13,0,0,
"05:43:31AM Nov 19, 2024",96,64,9,0,0,
"05:43:35AM Nov 19, 2024",96,64,8,0,0,
"05:43:39AM Nov 19, 2024",96,71,15,0,0,
"05:43:43AM Nov 19, 2024",96,83,0,0,0,
"05:43:47AM Nov 19, 2024",96,80,0,0,0,
"05:43:51AM Nov 19, 2024",97,58,0,0,0,
"05:43:55AM Nov 19, 2024",97,53,0,0,0,
"05:43:59AM Nov 19, 2024",97,55,0,0,0,
"05:44:03AM Nov 19, 2024",96,54,0,0,0,
"05:44:07AM Nov 19, 2024",96,49,0,0,0,
"05:44:11AM Nov 19, 2024",96,52,0,0,0,
"05:44:15AM Nov 19, 2024",96,56,0,0,0,
"05:44:19AM Nov 19, 2024",97,56,0,0,0,
"05:44:23AM Nov 19, 2024",97,55,0,0,0,
"05:44:27AM Nov 19, 2024",97,55,0,0,0,
"05:44:31AM Nov 19, 2024",97,56,0,0,0,
"05:44:35AM Nov 19, 2024",96,56,0,0,0,
"05:44:39AM Nov 19, 2024",95,57,0,0,0,
"05:44:43AM Nov 19, 2024",95,57,0,0,0,
"05:44:47AM Nov 19, 2024",95,56,0,0,0,
"05:44:51AM Nov 19, 2024",96,56,0,0,0,
"05:44:55AM Nov 19, 2024",96,55,0,0,0,
"05:44:59AM Nov 19, 2024",96,57,0,0,0,
"05:45:03AM Nov 19, 2024",96,59,0,0,0,
"05:45:07AM Nov 19, 2024",96,60,0,0,0,
"05:45:11AM Nov 19, 2024",95,61,0,0,0,
"05:45:15AM Nov 19, 2024",94,62,0,0,0,
"05:45:19AM Nov 19, 2024",94,61,0,0,0,
"05:45:23AM Nov 19, 2024",95,58,0,0,0,
"05:45:27AM Nov 19, 2024",96,61,0,0,0,
"05:45:31AM Nov 19, 2024",97,63,0,0,0,
"05:45:35AM Nov 19, 2024",97,61,0,0,0,
"05:45:39AM Nov 19, 2024",97,61,0,0,0,
"05:45:43AM Nov 19, 2024",96,61,0,0,0,
"05:45:47AM Nov 19, 2024",96,62,5,0,0,
"05:45:51AM Nov 19, 2024",96,63,14,0,0,
"05:45:55AM Nov 19, 2024",96,63,28,0,0,
"05:45:59AM Nov 19, 2024",96,61,34,0,0,
"05:46:03AM Nov 19, 2024",96,67,4,0,0,
"05:46:07AM Nov 19, 2024",96,76,0,0,0,
"05:46:11AM Nov 19, 2024",96,79,0,0,0,
"05:46:15AM Nov 19, 2024",97,74,0,0,0,
"05:46:19AM Nov 19, 2024",97,66,0,0,0,
"05:46:23AM Nov 19, 2024",98,60,0,0,0,
"05:46:27AM Nov 19, 2024",98,54,0,0,0,
"05:46:31AM Nov 19, 2024",98,55,0,0,0,
"05:46:35AM Nov 19, 2024",98,55,11,0,0,
"05:46:39AM Nov 19, 2024",98,55,4,0,0,
"05:46:43AM Nov 19, 2024",97,59,1,0,0,
"05:46:47AM Nov 19, 2024",97,64,0,0,0,
"05:46:51AM Nov 19, 2024",97,68,0,0,0,
"05:46:55AM Nov 19, 2024",97,62,0,0,0,
"05:46:59AM Nov 19, 2024",97,57,0,0,0,
"05:47:03AM Nov 19, 2024",97,56,0,0,0,
"05:47:07AM Nov 19, 2024",97,59,0,0,0,
"05:47:11AM Nov 19, 2024",96,60,0,0,0,
"05:47:15AM Nov 19, 2024",96,58,0,0,0,
"05:47:19AM Nov 19, 2024",96,56,0,0,0,
"05:47:23AM Nov 19, 2024",97,56,0,0,0,
"05:47:27AM Nov 19, 2024",97,58,0,0,0,
"05:47:31AM Nov 19, 2024",97,59,0,0,0,
"05:47:35AM Nov 19, 2024",96,61,0,0,0,
"05:47:39AM Nov 19, 2024",95,62,0,0,0,
"05:47:43AM Nov 19, 2024",94,59,0,0,0,
"05:47:47AM Nov 19, 2024",95,58,0,0,0,
"05:47:51AM Nov 19, 2024",96,59,0,0,0,
"05:47:55AM Nov 19, 2024",97,59,0,0,0,
"05:47:59AM Nov 19, 2024",97,58,0,0,0,
"05:48:03AM Nov 19, 2024",96,59,0,0,0,
"05:48:07AM Nov 19, 2024",96,61,0,0,0,
"05:48:11AM Nov 19, 2024",95,63,0,0,0,
"05:48:15AM Nov 19, 2024",93,58,0,0,0,
"05:48:19AM Nov 19, 2024",93,56,0,0,0,
"05:48:23AM Nov 19, 2024",95,56,0,0,0,
"05:48:27AM Nov 19, 2024",96,55,0,0,0,
"05:48:31AM Nov 19, 2024",97,56,0,0,0,
"05:48:35AM Nov 19, 2024",96,59,0,0,0,
"05:48:39AM Nov 19, 2024",96,58,0,0,0,
"05:48:43AM Nov 19, 2024",95,56,0,0,0,
"05:48:47AM Nov 19, 2024",95,55,0,0,0,
"05:48:51AM Nov 19, 2024",95,61,0,0,0,
"05:48:55AM Nov 19, 2024",95,61,0,0,0,
"05:48:59AM Nov 19, 2024",94,64,0,0,0,
"05:49:03AM Nov 19, 2024",95,72,0,0,0,
"05:49:07AM Nov 19, 2024",95,69,0,0,0,
"05:49:11AM Nov 19, 2024",96,61,0,0,0,
"05:49:15AM Nov 19, 2024",97,58,0,0,0,
"05:49:19AM Nov 19, 2024",97,59,0,0,0,
"05:49:23AM Nov 19, 2024",96,62,0,0,0,
"05:49:27AM Nov 19, 2024",96,62,0,0,0,
"05:49:31AM Nov 19, 2024",95,58,0,0,0,
"05:49:35AM Nov 19, 2024",96,54,0,0,0,
"05:49:39AM Nov 19, 2024",96,56,0,0,0,
"05:49:43AM Nov 19, 2024",96,57,0,0,0,
"05:49:47AM Nov 19, 2024",96,57,0,0,0,
"05:49:51AM Nov 19, 2024",96,61,0,0,0,
"05:49:55AM Nov 19, 2024",95,65,0,0,0,
"05:49:59AM Nov 19, 2024",95,61,0,0,0,
"05:50:03AM Nov 19, 2024",95,58,0,0,0,
"05:50:07AM Nov 19, 2024",96,59,0,0,0,
"05:50:11AM Nov 19, 2024",96,56,0,0,0,
"05:50:15AM Nov 19, 2024",97,55,0,0,0,
"05:50:19AM Nov 19, 2024",97,57,0,0,0,
"05:50:23AM Nov 19, 2024",96,60,0,0,0,
"05:50:27AM Nov 19, 2024",96,61,0,0,0,
"05:50:31AM Nov 19, 2024",96,58,0,0,0,
"05:50:35AM Nov 19, 2024",95,58,0,0,0,
"05:50:39AM Nov 19, 2024",95,59,0,0,0,
"05:50:43AM Nov 19, 2024",95,58,0,0,0,
"05:50:47AM Nov 19, 2024",95,58,0,0,0,
"05:50:51AM Nov 19, 2024",95,58,0,0,0,
"05:50:55AM Nov 19, 2024",95,58,0,0,0,
"05:50:59AM Nov 19, 2024",95,62,0,0,0,
"05:51:03AM Nov 19, 2024",95,67,0,0,0,
"05:51:07AM Nov 19, 2024",94,62,0,0,0,
"05:51:11AM Nov 19, 2024",94,50,0,0,0,
"05:51:15AM Nov 19, 2024",94,51,0,0,0,
"05:51:19AM Nov 19, 2024",96,55,0,0,0,
"05:51:23AM Nov 19, 2024",96,57,0,0,0,
"05:51:27AM Nov 19, 2024",96,59,0,0,0,
"05:51:31AM Nov 19, 2024",96,62,0,0,0,
"05:51:35AM Nov 19, 2024",95,67,0,0,0,
"05:51:39AM Nov 19, 2024",94,64,0,0,0,
"05:51:43AM Nov 19, 2024",94,57,0,0,0,
"05:51:47AM Nov 19, 2024",94,53,0,0,0,
"05:51:51AM Nov 19, 2024",96,55,0,0,0,
"05:51:55AM Nov 19, 2024",96,56,0,0,0,
"05:51:59AM Nov 19, 2024",96,57,0,0,0,
"05:52:03AM Nov 19, 2024",96,58,0,0,0,
"05:52:07AM Nov 19, 2024",95,58,0,0,0,
"05:52:11AM Nov 19, 2024",95,57,0,0,0,
"05:52:15AM Nov 19, 2024",95,56,0,0,0,
"05:52:19AM Nov 19, 2024",95,57,0,0,0,
"05:52:23AM Nov 19, 2024",95,64,0,0,0,
"05:52:27AM Nov 19, 2024",94,67,21,0,0,
"05:52:31AM Nov 19, 2024",94,69,9,0,0,
"05:52:35AM Nov 19, 2024",94,69,0,0,0,
"05:52:39AM Nov 19, 2024",94,73,0,0,0,
"05:52:43AM Nov 19, 2024",96,76,0,0,0,
"05:52:47AM Nov 19, 2024",97,65,0,0,0,
"05:52:51AM Nov 19, 2024",97,54,0,0,0,
"05:52:55AM Nov 19, 2024",97,54,0,0,0,
"05:52:59AM Nov 19, 2024",97,56,0,0,0,
"05:53:03AM Nov 19, 2024",97,56,0,0,0,
"05:53:07AM Nov 19, 2024",97,54,0,0,0,
"05:53:11AM Nov 19, 2024",97,51,0,0,0,
"05:53:15AM Nov 19, 2024",97,53,0,0,0,
"05:53:19AM Nov 19, 2024",97,55,0,0,0,
"05:53:23AM Nov 19, 2024",97,55,0,0,0,
"05:53:27AM Nov 19, 2024",97,56,0,0,0,
"05:53:31AM Nov 19, 2024",96,57,0,0,0,
"05:53:35AM Nov 19, 2024",97,57,0,0,0,
"05:53:39AM Nov 19, 2024",96,56,0,0,0,
"05:53:43AM Nov 19, 2024",96,56,0,0,0,
"05:53:47AM Nov 19, 2024",97,56,0,0,0,
"05:53:51AM Nov 19, 2024",97,55,0,0,0,
"05:53:55AM Nov 19, 2024",97,55,0,0,0,
"05:53:59AM Nov 19, 2024",97,56,0,0,0,
"05:54:03AM Nov 19, 2024",97,57,0,0,0,
"05:54:07AM Nov 19, 2024",97,57,0,0,0,
"05:54:11AM Nov 19, 2024",96,59,0,0,0,
"05:54:15AM Nov 19, 2024",96,59,0,0,0,
"05:54:19AM Nov 19, 2024",97,57,0,0,0,
"05:54:23AM Nov 19, 2024",97,56,0,0,0,
"05:54:27AM Nov 19, 2024",96,56,0,0,0,
"05:54:31AM Nov 19, 2024",96,56,0,0,0,
"05:54:35AM Nov 19, 2024",96,55,0,0,0,
"05:54:39AM Nov 19, 2024",96,56,0,0,0,
"05:54:43AM Nov 19, 2024",96,57,0,0,0,
"05:54:47AM Nov 19, 2024",96,56,0,0,0,
"05:54:51AM Nov 19, 2024",96,58,0,0,0,
"05:54:55AM Nov 19, 2024",96,60,0,0,0,
"05:54:59AM Nov 19, 2024",96,59,0,0,0,
"05:55:03AM Nov 19, 2024",96,58,0,0,0,
"05:55:07AM Nov 19, 2024",96,59,0,0,0,
"05:55:11AM Nov 19, 2024",96,58,0,0,0,
"05:55:15AM Nov 19, 2024",96,58,0,0,0,
"05:55:19AM Nov 19, 2024",96,59,0,0,0,
"05:55:23AM Nov 19, 2024",96,58,0,0,0,
"05:55:27AM Nov 19, 2024",96,57,0,0,0,
"05:55:31AM Nov 19, 2024",96,58,0,0,0,
"05:55:35AM Nov 19, 2024",96,59,0,0,0,
"05:55:39AM Nov 19, 2024",96,60,0,0,0,
"05:55:43AM Nov 19, 2024",96,58,0,0,0,
"05:55:47AM Nov 19, 2024",96,57,0,0,0,
"05:55:51AM Nov 19, 2024",96,57,0,0,0,
"05:55:55AM Nov 19, 2024",96,58,0,0,0,
"05:55:59AM Nov 19, 2024",96,57,0,0,0,
"05:56:03AM Nov 19, 2024",96,58,0,0,0,
"05:56:07AM Nov 19, 2024",96,60,0,0,0,
"05:56:11AM Nov 19, 2024",96,60,0,0,0,
"05:56:15AM Nov 19, 2024",96,60,0,0,0,
"05:56:19AM Nov 19, 2024",96,60,0,0,0,
"05:56:23AM Nov 19, 2024",96,58,0,0,0,
"05:56:27AM Nov 19, 2024",97,58,0,0,0,
"05:56:31AM Nov 19, 2024",97,59,0,0,0,
"05:56:35AM Nov 19, 2024",96,59,0,0,0,
"05:56:39AM Nov 19, 2024",96,59,0,0,0,
"05:56:43AM Nov 19, 2024",96,58,0,0,0,
"05:56:47AM Nov 19, 2024",96,58,0,0,0,
"05:56:51AM Nov 19, 2024",97,58,0,0,0,
"05:56:55AM Nov 19, 2024",97,59,0,0,0,
"05:56:59AM Nov 19, 2024",97,60,0,0,0,
"05:57:03AM Nov 19, 2024",96,61,0,0,0,
"05:57:07AM Nov 19, 2024",96,61,0,0,0,
"05:57:11AM Nov 19, 2024",96,60,0,0,0,
"05:57:15AM Nov 19, 2024",96,60,0,0,0,
"05:57:19AM Nov 19, 2024",97,59,0,0,0,
"05:57:23AM Nov 19, 2024",97,59,0,0,0,
"05:57:27AM Nov 19, 2024",97,58,0,0,0,
"05:57:31AM Nov 19, 2024",97,59,0,0,0,
"05:57:35AM Nov 19, 2024",96,60,0,0,0,
"05:57:39AM Nov 19, 2024",96,59,0,0,0,
"05:57:43AM Nov 19, 2024",97,60,0,0,0,
"05:57:47AM Nov 19, 2024",97,61,0,0,0,
"05:57:51AM Nov 19, 2024",96,61,0,0,0,
"05:57:55AM Nov 19, 2024",96,59,0,0,0,
"05:57:59AM Nov 19, 2024",96,60,0,0,0,
"05:58:03AM Nov 19, 2024",96,60,0,0,0,
"05:58:07AM Nov 19, 2024",97,61,0,0,0,
"05:58:11AM Nov 19, 2024",97,62,0,0,0,
"05:58:15AM Nov 19, 2024",97,63,0,0,0,
"05:58:19AM Nov 19, 2024",96,62,0,0,0,
"05:58:23AM Nov 19, 2024",96,61,0,0,0,
"05:58:27AM Nov 19, 2024",96,60,0,0,0,
"05:58:31AM Nov 19, 2024",97,59,0,0,0,
"05:58:35AM Nov 19, 2024",97,59,0,0,0,
"05:58:39AM Nov 19, 2024",96,58,0,0,0,
"05:58:43AM Nov 19, 2024",96,58,0,0,0,
"05:58:47AM Nov 19, 2024",96,59,0,0,0,
"05:58:51AM Nov 19, 2024",96,60,0,0,0,
"05:58:55AM Nov 19, 2024",97,61,0,0,0,
"05:58:59AM Nov 19, 2024",96,61,0,0,0,
"05:59:03AM Nov 19, 2024",96,60,0,0,0,
"05:59:07AM Nov 19, 2024",97,61,0,0,0,
"05:59:11AM Nov 19, 2024",97,61,0,0,0,
"05:59:15AM Nov 19, 2024",97,61,0,0,0,
"05:59:19AM Nov 19, 2024",97,62,0,0,0,
"05:59:23AM Nov 19, 2024",97,61,0,0,0,
"05:59:27AM Nov 19, 2024",96,60,0,0,0,
"05:59:31AM Nov 19, 2024",96,59,0,0,0,
"05:59:35AM Nov 19, 2024",96,57,0,0,0,
"05:59:39AM Nov 19, 2024",96,58,0,0,0,
"05:59:43AM Nov 19, 2024",96,58,0,0,0,
"05:59:47AM Nov 19, 2024",96,60,0,0,0,
"05:59:51AM Nov 19, 2024",97,61,0,0,0,
"05:59:55AM Nov 19, 2024",96,63,0,0,0,
"05:59:59AM Nov 19, 2024",95,62,0,0,0,
"06:00:03AM Nov 19, 2024",95,58,0,0,0,
"06:00:07AM Nov 19, 2024",96,55,0,0,0,
"06:00:11AM Nov 19, 2024",96,57,0,0,0,
"06:00:15AM Nov 19, 2024",96,58,0,0,0,
"06:00:19AM Nov 19, 2024",96,59,0,0,0,
"06:00:23AM Nov 19, 2024",96,58,0,0,0,
"06:00:27AM Nov 19, 2024",96,59,0,0,0,
"06:00:31AM Nov 19, 2024",96,60,0,0,0,
"06:00:35AM Nov 19, 2024",96,60,0,0,0,
"06:00:39AM Nov 19, 2024",96,61,0,0,0,
"06:00:43AM Nov 19, 2024",96,60,0,0,0,
"06:00:47AM Nov 19, 2024",96,60,0,0,0,
"06:00:51AM Nov 19, 2024",96,61,0,0,0,
"06:00:55AM Nov 19, 2024",96,61,0,0,0,
"06:00:59AM Nov 19, 2024",96,60,0,0,0,
"06:01:03AM Nov 19, 2024",96,59,0,0,0,
"06:01:07AM Nov 19, 2024",96,59,0,0,0,
"06:01:11AM Nov 19, 2024",97,59,0,0,0,
"06:01:15AM Nov 19, 2024",97,59,0,0,0,
"06:01:19AM Nov 19, 2024",96,59,0,0,0,
"06:01:23AM Nov 19, 2024",96,58,0,0,0,
"06:01:27AM Nov 19, 2024",96,57,0,0,0,
"06:01:31AM Nov 19, 2024",96,59,0,0,0,
"06:01:35AM Nov 19, 2024",97,59,0,0,0,
"06:01:39AM Nov 19, 2024",97,59,0,0,0,
"06:01:43AM Nov 19, 2024",97,60,0,0,0,
"06:01:47AM Nov 19, 2024",97,60,0,0,0,
"06:01:51AM Nov 19, 2024",97,60,0,0,0,
"06:01:55AM Nov 19, 2024",96,60,0,0,0,
"06:01:59AM Nov 19, 2024",96,58,0,0,0,
"06:02:03AM Nov 19, 2024",96,56,0,0,0,
"06:02:07AM Nov 19, 2024",96,59,0,0,0,
"06:02:11AM Nov 19, 2024",96,59,0,0,0,
"06:02:15AM Nov 19, 2024",96,58,0,0,0,
"06:02:19AM Nov 19, 2024",97,58,0,0,0,
"06:02:23AM Nov 19, 2024",97,59,0,0,0,
"06:02:27AM Nov 19, 2024",96,60,0,0,0,
"06:02:31AM Nov 19, 2024",96,59,0,0,0,
"06:02:35AM Nov 19, 2024",96,59,0,0,0,
"06:02:39AM Nov 19, 2024",96,60,0,0,0,
"06:02:43AM Nov 19, 2024",96,61,0,0,0,
"06:02:47AM Nov 19, 2024",96,61,0,0,0,
"06:02:51AM Nov 19, 2024",96,62,0,0,0,
"06:02:55AM Nov 19, 2024",96,62,0,0,0,
"06:02:59AM Nov 19, 2024",96,62,0,0,0,
"06:03:03AM Nov 19, 2024",96,61,0,0,0,
"06:03:07AM Nov 19, 2024",96,61,0,0,0,
"06:03:11AM Nov 19, 2024",96,60,0,0,0,
"06:03:15AM Nov 19, 2024",97,61,0,0,0,
"06:03:19AM Nov 19, 2024",96,62,0,0,0,
"06:03:23AM Nov 19, 2024",96,62,0,0,0,
"06:03:27AM Nov 19, 2024",96,61,0,0,0,
"06:03:31AM Nov 19, 2024",96,62,0,0,0,
"06:03:35AM Nov 19, 2024",96,61,0,0,0,
"06:03:39AM Nov 19, 2024",96,59,0,0,0,
"06:03:43AM Nov 19, 2024",96,58,0,0,0,
"06:03:47AM Nov 19, 2024",96,59,0,0,0,
"06:03:51AM Nov 19, 2024",96,60,0,0,0,
"06:03:55AM Nov 19, 2024",96,60,0,0,0,
"06:03:59AM Nov 19, 2024",97,59,0,0,0,
"06:04:03AM Nov 19, 2024",97,59,0,0,0,
"06:04:07AM Nov 19, 2024",97,61,0,0,0,
"06:04:11AM Nov 19, 2024",96,62,0,0,0,
"06:04:15AM Nov 19, 2024",96,61,0,0,0,
"06:04:19AM Nov 19, 2024",96,60,0,0,0,
"06:04:23AM Nov 19, 2024",96,60,0,0,0,
"06:04:27AM Nov 19, 2024",96,61,0,0,0,
"06:04:31AM Nov 19, 2024",96,62,0,0,0,
"06:04:35AM Nov 19, 2024",96,62,0,0,0,
"06:04:39AM Nov 19, 2024",96,62,0,0,0,
"06:04:43AM Nov 19, 2024",96,62,0,0,0,
"06:04:47AM Nov 19, 2024",96,63,0,0,0,
"06:04:51AM Nov 19, 2024",97,64,0,0,0,
"06:04:55AM Nov 19, 2024",96,63,0,0,0,
"06:04:59AM Nov 19, 2024",96,61,0,0,0,
"06:05:03AM Nov 19, 2024",97,60,0,0,0,
"06:05:07AM Nov 19, 2024",96,60,0,0,0,
"06:05:11AM Nov 19, 2024",96,59,0,0,0,
"06:05:15AM Nov 19, 2024",96,59,0,0,0,
"06:05:19AM Nov 19, 2024",96,62,0,0,0,
"06:05:23AM Nov 19, 2024",96,63,0,0,0,
"06:05:27AM Nov 19, 2024",96,63,0,0,0,
"06:05:31AM Nov 19, 2024",96,63,0,0,0,
"06:05:35AM Nov 19, 2024",97,63,0,0,0,
"06:05:39AM Nov 19, 2024",97,63,0,0,0,
"06:05:43AM Nov 19, 2024",96,62,0,0,0,
"06:05:47AM Nov 19, 2024",96,59,0,0,0,
"06:05:51AM Nov 19, 2024",96,59,0,0,0,
"06:05:55AM Nov 19, 2024",96,60,0,0,0,
"06:05:59AM Nov 19, 2024",96,60,0,0,0,
"06:06:03AM Nov 19, 2024",96,61,0,0,0,
"06:06:07AM Nov 19, 2024",96,61,0,0,0,
"06:06:11AM Nov 19, 2024",97,61,0,0,0,
"06:06:15AM Nov 19, 2024",97,63,0,0,0,
"06:06:19AM Nov 19, 2024",96,63,0,0,0,
"06:06:23AM Nov 19, 2024",96,61,0,0,0,
"06:06:27AM Nov 19, 2024",96,60,0,0,0,
"06:06:31AM Nov 19, 2024",97,61,0,0,0,
"06:06:35AM Nov 19, 2024",96,62,0,0,0,
"06:06:39AM Nov 19, 2024",96,62,0,0,0,
"06:06:43AM Nov 19, 2024",97,63,0,0,0,
"06:06:47AM Nov 19, 2024",97,63,0,0,0,
"06:06:51AM Nov 19, 2024",97,61,0,0,0,
"06:06:55AM Nov 19, 2024",97,59,0,0,0,
"06:06:59AM Nov 19, 2024",97,61,0,0,0,
"06:07:03AM Nov 19, 2024",97,62,0,0,0,
"06:07:07AM Nov 19, 2024",96,61,0,0,0,
"06:07:11AM Nov 19, 2024",96,61,0,0,0,
"06:07:15AM Nov 19, 2024",96,63,0,0,0,
"06:07:19AM Nov 19, 2024",96,62,0,0,0,
"06:07:23AM Nov 19, 2024",96,60,0,0,0,
"06:07:27AM Nov 19, 2024",96,61,0,0,0,
"06:07:31AM Nov 19, 2024",96,63,0,0,0,
"06:07:35AM Nov 19, 2024",96,63,0,0,0,
"06:07:39AM Nov 19, 2024",96,63,0,0,0,
"06:07:43AM Nov 19, 2024",96,62,0,0,0,
"06:07:47AM Nov 19, 2024",96,62,0,0,0,
"06:07:51AM Nov 19, 2024",96,61,0,0,0,
"06:07:55AM Nov 19, 2024",96,61,0,0,0,
"06:07:59AM Nov 19, 2024",96,62,0,0,0,
"06:08:03AM Nov 19, 2024",96,61,0,0,0,
"06:08:07AM Nov 19, 2024",96,61,0,0,0,
"06:08:11AM Nov 19, 2024",96,62,0,0,0,
"06:08:15AM Nov 19, 2024",96,62,0,0,0,
"06:08:19AM Nov 19, 2024",96,59,0,0,0,
"06:08:23AM Nov 19, 2024",96,59,0,0,0,
"06:08:27AM Nov 19, 2024",96,61,0,0,0,
"06:08:31AM Nov 19, 2024",96,61,0,0,0,
"06:08:35AM Nov 19, 2024",97,60,0,0,0,
"06:08:39AM Nov 19, 2024",97,60,0,0,0,
"06:08:43AM Nov 19, 2024",96,61,0,0,0,
"06:08:47AM Nov 19, 2024",96,61,0,0,0,
"06:08:51AM Nov 19, 2024",96,61,0,0,0,
"06:08:55AM Nov 19, 2024",96,62,0,0,0,
"06:08:59AM Nov 19, 2024",96,63,0,0,0,
"06:09:03AM Nov 19, 2024",96,62,0,0,0,
"06:09:07AM Nov 19, 2024",96,61,0,0,0,
"06:09:11AM Nov 19, 2024",96,61,0,0,0,
"06:09:15AM Nov 19, 2024",96,61,0,0,0,
"06:09:19AM Nov 19, 2024",96,62,0,0,0,
"06:09:23AM Nov 19, 2024",96,63,0,0,0,
"06:09:27AM Nov 19, 2024",96,62,0,0,0,
"06:09:31AM Nov 19, 2024",96,61,0,0,0,
"06:09:35AM Nov 19, 2024",96,60,0,0,0,
"06:09:39AM Nov 19, 2024",96,59,0,0,0,
"06:09:43AM Nov 19, 2024",97,60,0,0,0,
"06:09:47AM Nov 19, 2024",97,61,0,0,0,
"06:09:51AM Nov 19, 2024",96,62,0,0,0,
"06:09:55AM Nov 19, 2024",96,61,0,0,0,
"06:09:59AM Nov 19, 2024",96,62,0,0,0,
"06:10:03AM Nov 19, 2024",96,62,0,0,0,
"06:10:07AM Nov 19, 2024",96,62,0,0,0,
"06:10:11AM Nov 19, 2024",96,62,0,0,0,
"06:10:15AM Nov 19, 2024",96,62,0,0,0,
"06:10:19AM Nov 19, 2024",97,61,0,0,0,
"06:10:23AM Nov 19, 2024",97,61,0,0,0,
"06:10:27AM Nov 19, 2024",96,60,0,0,0,
"06:10:31AM Nov 19, 2024",96,60,0,0,0,
"06:10:35AM Nov 19, 2024",97,60,0,0,0,
"06:10:39AM Nov 19, 2024",97,62,0,0,0,
"06:10:43AM Nov 19, 2024",96,63,0,0,0,
"06:10:47AM Nov 19, 2024",96,63,0,0,0,
"06:10:51AM Nov 19, 2024",96,62,0,0,0,
"06:10:55AM Nov 19, 2024",96,61,0,0,0,
"06:10:59AM Nov 19, 2024",96,63,0,0,0,
"06:11:03AM Nov 19, 2024",96,64,0,0,0,
"06:11:07AM Nov 19, 2024",97,63,0,0,0,
"06:11:11AM Nov 19, 2024",97,62,0,0,0,
"06:11:15AM Nov 19, 2024",96,61,0,0,0,
"06:11:19AM Nov 19, 2024",96,61,0,0,0,
"06:11:23AM Nov 19, 2024",96,62,0,0,0,
"06:11:27AM Nov 19, 2024",96,62,0,0,0,
"06:11:31AM Nov 19, 2024",96,61,0,0,0,
"06:11:35AM Nov 19, 2024",96,61,0,0,0,
"06:11:39AM Nov 19, 2024",97,62,0,0,0,
"06:11:43AM Nov 19, 2024",97,62,0,0,0,
"06:11:47AM Nov 19, 2024",97,63,0,0,0,
"06:11:51AM Nov 19, 2024",97,64,0,0,0,
"06:11:55AM Nov 19, 2024",96,64,0,0,0,
"06:11:59AM Nov 19, 2024",96,62,0,0,0,
"06:12:03AM Nov 19, 2024",96,61,0,0,0,
"06:12:07AM Nov 19, 2024",96,60,0,0,0,
"06:12:11AM Nov 19, 2024",96,61,0,0,0,
"06:12:15AM Nov 19, 2024",96,62,0,0,0,
"06:12:19AM Nov 19, 2024",96,61,0,0,0,
"06:12:23AM Nov 19, 2024",96,61,0,0,0,
"06:12:27AM Nov 19, 2024",96,63,0,0,0,
"06:12:31AM Nov 19, 2024",96,62,0,0,0,
"06:12:35AM Nov 19, 2024",96,61,0,0,0,
"06:12:39AM Nov 19, 2024",96,62,0,0,0,
"06:12:43AM Nov 19, 2024",97,64,0,0,0,
"06:12:47AM Nov 19, 2024",96,64,0,0,0,
"06:12:51AM Nov 19, 2024",96,63,0,0,0,
"06:12:55AM Nov 19, 2024",96,62,0,0,0,
"06:12:59AM Nov 19, 2024",96,62,0,0,0,
"06:13:03AM Nov 19, 2024",96,61,0,0,0,
"06:13:07AM Nov 19, 2024",96,62,0,0,0,
"06:13:11AM Nov 19, 2024",96,63,0,0,0,
"06:13:15AM Nov 19, 2024",96,63,0,0,0,
"06:13:19AM Nov 19, 2024",96,62,0,0,0,
"06:13:23AM Nov 19, 2024",96,62,0,0,0,
"06:13:27AM Nov 19, 2024",96,64,0,0,0,
"06:13:31AM Nov 19, 2024",96,65,0,0,0,
"06:13:35AM Nov 19, 2024",96,65,0,0,0,
"06:13:39AM Nov 19, 2024",96,64,0,0,0,
"06:13:43AM Nov 19, 2024",96,63,0,0,0,
"06:13:47AM Nov 19, 2024",96,62,0,0,0,
"06:13:51AM Nov 19, 2024",96,62,0,0,0,
"06:13:55AM Nov 19, 2024",96,61,0,0,0,
"06:13:59AM Nov 19, 2024",96,62,0,0,0,
"06:14:03AM Nov 19, 2024",96,62,0,0,0,
"06:14:07AM Nov 19, 2024",96,62,0,0,0,
"06:14:11AM Nov 19, 2024",97,64,0,0,0,
"06:14:15AM Nov 19, 2024",97,64,0,0,0,
"06:14:19AM Nov 19, 2024",97,64,0,0,0,
"06:14:23AM Nov 19, 2024",96,63,0,0,0,
"06:14:27AM Nov 19, 2024",96,60,0,0,0,
"06:14:31AM Nov 19, 2024",96,59,0,0,0,
"06:14:35AM Nov 19, 2024",96,61,0,0,0,
"06:14:39AM Nov 19, 2024",96,63,0,0,0,
"06:14:43AM Nov 19, 2024",96,63,0,0,0,
"06:14:47AM Nov 19, 2024",96,64,0,0,0,
"06:14:51AM Nov 19, 2024",96,65,0,0,0,
"06:14:55AM Nov 19, 2024",96,61,0,0,0,
"06:14:59AM Nov 19, 2024",96,58,0,0,0,
"06:15:03AM Nov 19, 2024",96,59,0,0,0,
"06:15:07AM Nov 19, 2024",97,61,0,0,0,
"06:15:11AM Nov 19, 2024",97,62,0,0,0,
"06:15:15AM Nov 19, 2024",97,62,0,0,0,
"06:15:19AM Nov 19, 2024",97,63,0,0,0,
"06:15:23AM Nov 19, 2024",97,62,0,0,0,
"06:15:27AM Nov 19, 2024",96,62,0,0,0,
"06:15:31AM Nov 19, 2024",96,61,0,0,0,
"06:15:35AM Nov 19, 2024",96,61,0,0,0,
"06:15:39AM Nov 19, 2024",96,61,0,0,0,
"06:15:43AM Nov 19, 2024",96,62,0,0,0,
"06:15:47AM Nov 19, 2024",97,63,0,0,0,
"06:15:51AM Nov 19, 2024",97,63,0,0,0,
"06:15:55AM Nov 19, 2024",97,63,0,0,0,
"06:15:59AM Nov 19, 2024",96,63,0,0,0,
"06:16:03AM Nov 19, 2024",96,62,0,0,0,
"06:16:07AM Nov 19, 2024",96,62,0,0,0,
"06:16:11AM Nov 19, 2024",97,64,0,0,0,
"06:16:15AM Nov 19, 2024",97,67,0,0,0,
"06:16:19AM Nov 19, 2024",96,65,0,0,0,
"06:16:23AM Nov 19, 2024",96,61,0,0,0,
"06:16:27AM Nov 19, 2024",96,60,0,0,0,
"06:16:31AM Nov 19, 2024",97,62,0,0,0,
"06:16:35AM Nov 19, 2024",97,63,0,0,0,
"06:16:39AM Nov 19, 2024",96,63,0,0,0,
"06:16:43AM Nov 19, 2024",96,61,0,0,0,
"06:16:47AM Nov 19, 2024",97,61,0,0,0,
"06:16:51AM Nov 19, 2024",96,63,0,0,0,
"06:16:55AM Nov 19, 2024",96,64,0,0,0,
"06:16:59AM Nov 19, 2024",96,64,0,0,0,
"06:17:03AM Nov 19, 2024",96,63,0,0,0,
"06:17:07AM Nov 19, 2024",96,63,0,0,0,
"06:17:11AM Nov 19, 2024",96,62,0,0,0,
"06:17:15AM Nov 19, 2024",96,62,0,0,0,
"06:17:19AM Nov 19, 2024",96,63,0,0,0,
"06:17:23AM Nov 19, 2024",96,65,0,0,0,
"06:17:27AM Nov 19, 2024",96,65,0,0,0,
"06:17:31AM Nov 19, 2024",96,64,0,0,0,
"06:17:35AM Nov 19, 2024",96,63,0,0,0,
"06:17:39AM Nov 19, 2024",96,64,0,0,0,
"06:17:43AM Nov 19, 2024",96,63,0,0,0,
"06:17:47AM Nov 19, 2024",96,62,0,0,0,
"06:17:51AM Nov 19, 2024",96,62,0,0,0,
"06:17:55AM Nov 19, 2024",96,62,0,0,0,
"06:17:59AM Nov 19, 2024",97,62,0,0,0,
"06:18:03AM Nov 19, 2024",97,63,0,0,0,
"06:18:07AM Nov 19, 2024",97,63,0,0,0,
"06:18:11AM Nov 19, 2024",96,63,0,0,0,
"06:18:15AM Nov 19, 2024",96,63,0,0,0,
"06:18:19AM Nov 19, 2024",96,60,0,0,0,
"06:18:23AM Nov 19, 2024",96,59,0,0,0,
"06:18:27AM Nov 19, 2024",97,61,0,0,0,
"06:18:31AM Nov 19, 2024",97,63,0,0,0,
"06:18:35AM Nov 19, 2024",97,63,0,0,0,
"06:18:39AM Nov 19, 2024",97,63,0,0,0,
"06:18:43AM Nov 19, 2024",97,62,0,0,0,
"06:18:47AM Nov 19, 2024",97,62,0,0,0,
"06:18:51AM Nov 19, 2024",97,62,0,0,0,
"06:18:55AM Nov 19, 2024",97,62,0,0,0,
"06:18:59AM Nov 19, 2024",97,63,0,0,0,
"06:19:03AM Nov 19, 2024",97,64,0,0,0,
"06:19:07AM Nov 19, 2024",97,63,0,0,0,
"06:19:11AM Nov 19, 2024",97,62,0,0,0,
"06:19:15AM Nov 19, 2024",97,62,0,0,0,
"06:19:19AM Nov 19, 2024",97,66,0,0,0,
"06:19:23AM Nov 19, 2024",97,66,0,0,0,
"06:19:27AM Nov 19, 2024",97,64,0,0,0,
"06:19:31AM Nov 19, 2024",97,62,0,0,0,
"06:19:35AM Nov 19, 2024",96,62,0,0,0,
"06:19:39AM Nov 19, 2024",97,62,0,0,0,
"06:19:43AM Nov 19, 2024",97,63,0,0,0,
"06:19:47AM Nov 19, 2024",97,64,0,0,0,
"06:19:51AM Nov 19, 2024",96,63,0,0,0,
"06:19:55AM Nov 19, 2024",96,62,0,0,0,
"06:19:59AM Nov 19, 2024",96,62,0,0,0,
"06:20:03AM Nov 19, 2024",96,62,0,0,0,
"06:20:07AM Nov 19, 2024",96,63,0,0,0,
"06:20:11AM Nov 19, 2024",96,63,0,0,0,
"06:20:15AM Nov 19, 2024",96,62,0,0,0,
"06:20:19AM Nov 19, 2024",96,61,0,0,0,
"06:20:23AM Nov 19, 2024",96,62,0,0,0,
"06:20:27AM Nov 19, 2024",96,63,0,0,0,
"06:20:31AM Nov 19, 2024",96,64,0,0,0,
"06:20:35AM Nov 19, 2024",96,64,0,0,0,
"06:20:39AM Nov 19, 2024",96,64,0,0,0,
"06:20:43AM Nov 19, 2024",96,64,0,0,0,
"06:20:47AM Nov 19, 2024",96,63,0,0,0,
"06:20:51AM Nov 19, 2024",96,63,0,0,0,
"06:20:55AM Nov 19, 2024",96,64,0,0,0,
"06:20:59AM Nov 19, 2024",96,63,0,0,0,
"06:21:03AM Nov 19, 2024",96,63,0,0,0,
"06:21:07AM Nov 19, 2024",96,63,0,0,0,
"06:21:11AM Nov 19, 2024",96,62,0,0,0,
"06:21:15AM Nov 19, 2024",96,62,0,0,0,
"06:21:19AM Nov 19, 2024",96,63,0,0,0,
"06:21:23AM Nov 19, 2024",96,64,0,0,0,
"06:21:27AM Nov 19, 2024",96,63,0,0,0,
"06:21:31AM Nov 19, 2024",96,63,0,0,0,
"06:21:35AM Nov 19, 2024",96,64,0,0,0,
"06:21:39AM Nov 19, 2024",96,64,0,0,0,
"06:21:43AM Nov 19, 2024",97,63,0,0,0,
"06:21:47AM Nov 19, 2024",96,62,0,0,0,
"06:21:51AM Nov 19, 2024",96,63,0,0,0,
"06:21:55AM Nov 19, 2024",96,63,0,0,0,
"06:21:59AM Nov 19, 2024",97,64,0,0,0,
"06:22:03AM Nov 19, 2024",97,64,0,0,0,
"06:22:07AM Nov 19, 2024",97,64,0,0,0,
"06:22:11AM Nov 19, 2024",96,65,0,0,0,
"06:22:15AM Nov 19, 2024",96,65,0,0,0,
"06:22:19AM Nov 19, 2024",96,64,0,0,0,
"06:22:23AM Nov 19, 2024",96,64,0,0,0,
"06:22:27AM Nov 19, 2024",97,63,0,0,0,
"06:22:31AM Nov 19, 2024",97,65,0,0,0,
"06:22:35AM Nov 19, 2024",97,66,0,0,0,
"06:22:39AM Nov 19, 2024",97,65,0,0,0,
"06:22:43AM Nov 19, 2024",97,63,0,0,0,
"06:22:47AM Nov 19, 2024",97,63,0,0,0,
"06:22:51AM Nov 19, 2024",96,63,0,0,0,
"06:22:55AM Nov 19, 2024",96,63,0,0,0,
"06:22:59AM Nov 19, 2024",96,64,0,0,0,
"06:23:03AM Nov 19, 2024",96,64,0,0,0,
"06:23:07AM Nov 19, 2024",97,64,0,0,0,
"06:23:11AM Nov 19, 2024",97,64,0,0,0,
"06:23:15AM Nov 19, 2024",97,64,0,0,0,
"06:23:19AM Nov 19, 2024",97,64,0,0,0,
"06:23:23AM Nov 19, 2024",97,64,0,0,0,
"06:23:27AM Nov 19, 2024",97,63,0,0,0,
"06:23:31AM Nov 19, 2024",96,64,0,0,0,
"06:23:35AM Nov 19, 2024",96,63,0,0,0,
"06:23:39AM Nov 19, 2024",96,63,0,0,0,
"06:23:43AM Nov 19, 2024",96,63,0,0,0,
"06:23:47AM Nov 19, 2024",96,63,0,0,0,
"06:23:51AM Nov 19, 2024",96,64,0,0,0,
"06:23:55AM Nov 19, 2024",96,64,0,0,0,
"06:23:59AM Nov 19, 2024",96,66,0,0,0,
"06:24:03AM Nov 19, 2024",96,66,0,0,0,
"06:24:07AM Nov 19, 2024",96,63,0,0,0,
"06:24:11AM Nov 19, 2024",96,61,0,0,0,
"06:24:15AM Nov 19, 2024",96,62,0,0,0,
"06:24:19AM Nov 19, 2024",97,63,0,0,0,
"06:24:23AM Nov 19, 2024",97,64,0,0,0,
"06:24:27AM Nov 19, 2024",97,64,0,0,0,
"06:24:31AM Nov 19, 2024",97,63,0,0,0,
"06:24:35AM Nov 19, 2024",97,63,0,0,0,
"06:24:39AM Nov 19, 2024",97,64,0,0,0,
"06:24:43AM Nov 19, 2024",96,66,0,0,0,
"06:24:47AM Nov 19, 2024",96,65,0,0,0,
"06:24:51AM Nov 19, 2024",96,65,0,0,0,
"06:24:55AM Nov 19, 2024",96,64,0,0,0,
"06:24:59AM Nov 19, 2024",96,63,0,0,0,
"06:25:03AM Nov 19, 2024",96,64,0,0,0,
"06:25:07AM Nov 19, 2024",96,63,0,0,0,
"06:25:11AM Nov 19, 2024",96,63,0,0,0,
"06:25:15AM Nov 19, 2024",96,63,0,0,0,
"06:25:19AM Nov 19, 2024",96,63,0,0,0,
"06:25:23AM Nov 19, 2024",96,63,0,0,0,
"06:25:27AM Nov 19, 2024",96,64,0,0,0,
"06:25:31AM Nov 19, 2024",96,64,0,0,0,
"06:25:35AM Nov 19, 2024",96,63,0,0,0,
"06:25:39AM Nov 19, 2024",96,63,0,0,0,
"06:25:43AM Nov 19, 2024",96,64,0,0,0,
"06:25:47AM Nov 19, 2024",96,63,0,0,0,
"06:25:51AM Nov 19, 2024",96,63,0,0,0,
"06:25:55AM Nov 19, 2024",96,63,0,0,0,
"06:25:59AM Nov 19, 2024",96,65,1,0,0,
"06:26:03AM Nov 19, 2024",96,65,17,0,0,
"06:26:07AM Nov 19, 2024",96,65,13,0,0,
"06:26:11AM Nov 19, 2024",96,67,14,0,0,
"06:26:15AM Nov 19, 2024",97,76,0,0,0,
"06:26:19AM Nov 19, 2024",97,90,0,0,0,
"06:26:23AM Nov 19, 2024",98,87,0,0,0,
"06:26:27AM Nov 19, 2024",98,70,0,0,0,
"06:26:31AM Nov 19, 2024",97,59,0,0,0,
"06:26:35AM Nov 19, 2024",97,57,0,0,0,
"06:26:39AM Nov 19, 2024",97,57,0,0,0,
"06:26:43AM Nov 19, 2024",97,58,0,0,0,
"06:26:47AM Nov 19, 2024",97,61,0,0,0,
"06:26:51AM Nov 19, 2024",96,59,0,0,0,
"06:26:55AM Nov 19, 2024",96,53,0,0,0,
"06:26:59AM Nov 19, 2024",97,53,0,0,0,
"06:27:03AM Nov 19, 2024",97,56,0,0,0,
"06:27:07AM Nov 19, 2024",97,58,0,0,0,
"06:27:11AM Nov 19, 2024",97,57,0,0,0,
"06:27:15AM Nov 19, 2024",97,57,0,0,0,
"06:27:19AM Nov 19, 2024",97,58,0,0,0,
"06:27:23AM Nov 19, 2024",97,61,0,0,0,
"06:27:27AM Nov 19, 2024",96,66,0,0,0,
"06:27:31AM Nov 19, 2024",96,63,0,0,0,
"06:27:35AM Nov 19, 2024",95,58,0,0,0,
"06:27:39AM Nov 19, 2024",96,56,0,0,0,
"06:27:43AM Nov 19, 2024",96,59,0,0,0,
"06:27:47AM Nov 19, 2024",97,59,0,0,0,
"06:27:51AM Nov 19, 2024",96,58,0,0,0,
"06:27:55AM Nov 19, 2024",96,57,0,0,0,
"06:27:59AM Nov 19, 2024",96,59,0,0,0,
"06:28:03AM Nov 19, 2024",96,64,0,0,0,
"06:28:07AM Nov 19, 2024",96,66,0,0,0,
"06:28:11AM Nov 19, 2024",95,60,0,0,0,
"06:28:15AM Nov 19, 2024",95,55,0,0,0,
"06:28:19AM Nov 19, 2024",96,57,0,0,0,
"06:28:23AM Nov 19, 2024",96,60,0,0,0,
"06:28:27AM Nov 19, 2024",96,61,0,0,0,
"06:28:31AM Nov 19, 2024",96,60,0,0,0,
"06:28:35AM Nov 19, 2024",96,61,0,0,0,
"06:28:39AM Nov 19, 2024",96,67,0,0,0,
"06:28:43AM Nov 19, 2024",95,69,0,0,0,
"06:28:47AM Nov 19, 2024",95,59,0,0,0,
"06:28:51AM Nov 19, 2024",95,54,0,0,0,
"06:28:55AM Nov 19, 2024",96,55,0,0,0,
"06:28:59AM Nov 19, 2024",96,59,0,0,0,
"06:29:03AM Nov 19, 2024",96,63,0,0,0,
"06:29:07AM Nov 19, 2024",96,62,0,0,0,
"06:29:11AM Nov 19, 2024",96,58,0,0,0,
"06:29:15AM Nov 19, 2024",96,60,0,0,0,
"06:29:19AM Nov 19, 2024",96,62,0,0,0,
"06:29:23AM Nov 19, 2024",95,64,0,0,0,
"06:29:27AM Nov 19, 2024",95,67,0,0,0,
"06:29:31AM Nov 19, 2024",95,64,0,0,0,
"06:29:35AM Nov 19, 2024",95,56,0,0,0,
"06:29:39AM Nov 19, 2024",96,56,0,0,0,
"06:29:43AM Nov 19, 2024",96,60,0,0,0,
"06:29:47AM Nov 19, 2024",96,62,0,0,0,
"06:29:51AM Nov 19, 2024",96,61,0,0,0,
"06:29:55AM Nov 19, 2024",96,60,0,0,0,
"06:29:59AM Nov 19, 2024",96,61,0,0,0,
"06:30:03AM Nov 19, 2024",96,63,0,0,0,
"06:30:07AM Nov 19, 2024",96,64,0,0,0,
"06:30:11AM Nov 19, 2024",96,67,0,0,0,
"06:30:15AM Nov 19, 2024",95,71,0,0,0,
"06:30:19AM Nov 19, 2024",95,65,0,0,0,
"06:30:23AM Nov 19, 2024",95,62,0,0,0,
"06:30:27AM Nov 19, 2024",96,57,0,0,0,
"06:30:31AM Nov 19, 2024",97,59,0,0,0,
"06:30:35AM Nov 19, 2024",97,61,0,0,0,
"06:30:39AM Nov 19, 2024",97,58,0,0,0,
"06:30:43AM Nov 19, 2024",96,59,0,0,0,
"06:30:47AM Nov 19, 2024",96,63,0,0,0,
"06:30:51AM Nov 19, 2024",96,57,0,0,0,
"06:30:55AM Nov 19, 2024",96,54,0,0,0,
"06:30:59AM Nov 19, 2024",97,59,0,0,0,
"06:31:03AM Nov 19, 2024",96,60,0,0,0,
"06:31:07AM Nov 19, 2024",96,59,0,0,0,
"06:31:11AM Nov 19, 2024",96,61,0,0,0,
"06:31:15AM Nov 19, 2024",96,62,0,0,0,
"06:31:19AM Nov 19, 2024",96,62,0,0,0,
"06:31:23AM Nov 19, 2024",96,61,0,0,0,
"06:31:27AM Nov 19, 2024",96,58,0,0,0,
"06:31:31AM Nov 19, 2024",96,59,0,0,0,
"06:31:35AM Nov 19, 2024",96,60,0,0,0,
"06:31:39AM Nov 19, 2024",96,59,0,0,0,
"06:31:43AM Nov 19, 2024",96,59,0,0,0,
"06:31:47AM Nov 19, 2024",96,60,0,0,0,
"06:31:51AM Nov 19, 2024",96,60,0,0,0,
"06:31:55AM Nov 19, 2024",96,61,0,0,0,
"06:31:59AM Nov 19, 2024",96,64,12,0,0,
"06:32:03AM Nov 19, 2024",96,64,7,0,0,
"06:32:07AM Nov 19, 2024",96,64,3,0,0,
"06:32:11AM Nov 19, 2024",95,74,0,0,0,
"06:32:15AM Nov 19, 2024",95,86,0,0,0,
"06:32:19AM Nov 19, 2024",96,89,0,0,0,
"06:32:23AM Nov 19, 2024",97,82,0,0,0,
"06:32:27AM Nov 19, 2024",96,67,0,0,0,
"06:32:31AM Nov 19, 2024",97,57,0,0,0,
"06:32:35AM Nov 19, 2024",96,62,0,0,0,
"06:32:39AM Nov 19, 2024",96,61,0,0,0,
"06:32:43AM Nov 19, 2024",96,57,0,0,0,
"06:32:47AM Nov 19, 2024",97,55,0,0,0,
"06:32:51AM Nov 19, 2024",97,58,0,0,0,
"06:32:55AM Nov 19, 2024",97,58,0,0,0,
"06:32:59AM Nov 19, 2024",97,56,0,0,0,
"06:33:03AM Nov 19, 2024",97,56,0,0,0,
"06:33:07AM Nov 19, 2024",97,56,0,0,0,
"06:33:11AM Nov 19, 2024",97,56,0,0,0,
"06:33:15AM Nov 19, 2024",97,60,0,0,0,
"06:33:19AM Nov 19, 2024",97,60,0,0,0,
"06:33:23AM Nov 19, 2024",96,57,0,0,0,
"06:33:27AM Nov 19, 2024",96,55,0,0,0,
"06:33:31AM Nov 19, 2024",96,57,0,0,0,
"06:33:35AM Nov 19, 2024",96,57,0,0,0,
"06:33:39AM Nov 19, 2024",96,59,0,0,0,
"06:33:43AM Nov 19, 2024",96,60,0,0,0,
"06:33:47AM Nov 19, 2024",96,58,0,0,0,
"06:33:51AM Nov 19, 2024",96,59,0,0,0,
"06:33:55AM Nov 19, 2024",96,60,0,0,0,
"06:33:59AM Nov 19, 2024",96,60,0,0,0,
"06:34:03AM Nov 19, 2024",95,59,0,0,0,
"06:34:07AM Nov 19, 2024",95,57,0,0,0,
"06:34:11AM Nov 19, 2024",96,58,0,0,0,
"06:34:15AM Nov 19, 2024",96,58,0,0,0,
"06:34:19AM Nov 19, 2024",96,57,0,0,0,
"06:34:23AM Nov 19, 2024",96,57,0,0,0,
"06:34:27AM Nov 19, 2024",96,59,0,0,0,
"06:34:31AM Nov 19, 2024",95,60,0,0,0,
"06:34:35AM Nov 19, 2024",95,60,0,0,0,
"06:34:39AM Nov 19, 2024",95,63,0,0,0,
"06:34:43AM Nov 19, 2024",94,66,0,0,0,
"06:34:47AM Nov 19, 2024",94,62,0,0,0,
"06:34:51AM Nov 19, 2024",95,57,0,0,0,
"06:34:55AM Nov 19, 2024",96,58,0,0,0,
"06:34:59AM Nov 19, 2024",96,58,0,0,0,
"06:35:03AM Nov 19, 2024",96,58,0,0,0,
"06:35:07AM Nov 19, 2024",96,60,0,0,0,
"06:35:11AM Nov 19, 2024",96,61,0,0,0,
"06:35:15AM Nov 19, 2024",96,61,0,0,0,
"06:35:19AM Nov 19, 2024",96,61,0,0,0,
"06:35:23AM Nov 19, 2024",95,63,0,0,0,
"06:35:27AM Nov 19, 2024",94,66,0,0,0,
"06:35:31AM Nov 19, 2024",93,63,0,0,0,
"06:35:35AM Nov 19, 2024",93,58,0,0,0,
"06:35:39AM Nov 19, 2024",94,56,0,0,0,
"06:35:43AM Nov 19, 2024",95,56,0,0,0,
"06:35:47AM Nov 19, 2024",96,59,0,0,0,
"06:35:51AM Nov 19, 2024",97,59,0,0,0,
"06:35:55AM Nov 19, 2024",97,58,0,0,0,
"06:35:59AM Nov 19, 2024",97,58,0,0,0,
"06:36:03AM Nov 19, 2024",96,57,0,0,0,
"06:36:07AM Nov 19, 2024",95,59,0,0,0,
"06:36:11AM Nov 19, 2024",95,61,0,0,0,
"06:36:15AM Nov 19, 2024",96,60,0,0,0,
"06:36:19AM Nov 19, 2024",96,61,0,0,0,
"06:36:23AM Nov 19, 2024",96,63,0,0,0,
"06:36:27AM Nov 19, 2024",96,62,0,0,0,
"06:36:31AM Nov 19, 2024",95,59,0,0,0,
"06:36:35AM Nov 19, 2024",95,57,0,0,0,
"06:36:39AM Nov 19, 2024",96,59,0,0,0,
"06:36:43AM Nov 19, 2024",96,61,0,0,0,
"06:36:47AM Nov 19, 2024",96,63,0,0,0,
"06:36:51AM Nov 19, 2024",96,63,0,0,0,
"06:36:55AM Nov 19, 2024",96,58,0,0,0,
"06:36:59AM Nov 19, 2024",96,59,0,0,0,
"06:37:03AM Nov 19, 2024",96,61,0,0,0,
"06:37:07AM Nov 19, 2024",96,59,0,0,0,
"06:37:11AM Nov 19, 2024",96,57,0,0,0,
"06:37:15AM Nov 19, 2024",96,59,0,0,0,
"06:37:19AM Nov 19, 2024",96,60,0,0,0,
"06:37:23AM Nov 19, 2024",96,58,0,0,0,
"06:37:27AM Nov 19, 2024",96,59,0,0,0,
"06:37:31AM Nov 19, 2024",96,65,0,0,0,
"06:37:35AM Nov 19, 2024",96,63,0,0,0,
"06:37:39AM Nov 19, 2024",95,58,0,0,0,
"06:37:43AM Nov 19, 2024",95,57,0,0,0,
"06:37:47AM Nov 19, 2024",96,57,0,0,0,
"06:37:51AM Nov 19, 2024",96,58,0,0,0,
"06:37:55AM Nov 19, 2024",96,61,0,0,0,
"06:37:59AM Nov 19, 2024",96,62,0,0,0,
"06:38:03AM Nov 19, 2024",96,60,0,0,0,
"06:38:07AM Nov 19, 2024",96,61,0,0,0,
"06:38:11AM Nov 19, 2024",96,61,0,0,0,
"06:38:15AM Nov 19, 2024",96,61,0,0,0,
"06:38:19AM Nov 19, 2024",95,64,0,0,0,
"06:38:23AM Nov 19, 2024",94,66,0,0,0,
"06:38:27AM Nov 19, 2024",94,62,0,0,0,
"06:38:31AM Nov 19, 2024",94,57,0,0,0,
"06:38:35AM Nov 19, 2024",95,59,0,0,0,
"06:38:39AM Nov 19, 2024",96,63,0,0,0,
"06:38:43AM Nov 19, 2024",97,64,0,0,0,
"06:38:47AM Nov 19, 2024",97,64,1,0,0,
"06:38:51AM Nov 19, 2024",96,68,1,0,0,
"06:38:55AM Nov 19, 2024",96,70,5,0,0,
"06:38:59AM Nov 19, 2024",96,82,0,0,0,
"06:39:03AM Nov 19, 2024",97,87,0,0,0,
"06:39:07AM Nov 19, 2024",97,79,0,0,0,
"06:39:11AM Nov 19, 2024",97,71,0,0,0,
"06:39:15AM Nov 19, 2024",97,74,0,0,0,
"06:39:19AM Nov 19, 2024",96,72,0,0,0,
"06:39:23AM Nov 19, 2024",96,63,0,0,0,
"06:39:27AM Nov 19, 2024",97,55,0,0,0,
"06:39:31AM Nov 19, 2024",97,54,0,0,0,
"06:39:35AM Nov 19, 2024",97,55,0,0,0,
"06:39:39AM Nov 19, 2024",96,55,0,0,0,
"06:39:43AM Nov 19, 2024",96,54,0,0,0,
"06:39:47AM Nov 19, 2024",96,54,0,0,0,
"06:39:51AM Nov 19, 2024",96,55,0,0,0,
"06:39:55AM Nov 19, 2024",96,56,0,0,0,
"06:39:59AM Nov 19, 2024",96,56,0,0,0,
"06:40:03AM Nov 19, 2024",96,57,0,0,0,
"06:40:07AM Nov 19, 2024",96,58,0,0,0,
"06:40:11AM Nov 19, 2024",96,59,0,0,0,
"06:40:15AM Nov 19, 2024",96,59,0,0,0,
"06:40:19AM Nov 19, 2024",96,58,0,0,0,
"06:40:23AM Nov 19, 2024",96,58,0,0,0,
"06:40:27AM Nov 19, 2024",96,59,0,0,0,
"06:40:31AM Nov 19, 2024",96,60,0,0,0,
"06:40:35AM Nov 19, 2024",96,59,0,0,0,
"06:40:39AM Nov 19, 2024",96,60,0,0,0,
"06:40:43AM Nov 19, 2024",96,61,0,0,0,
"06:40:47AM Nov 19, 2024",96,61,0,0,0,
"06:40:51AM Nov 19, 2024",95,60,0,0,0,
"06:40:55AM Nov 19, 2024",95,61,0,0,0,
"06:40:59AM Nov 19, 2024",95,63,0,0,0,
"06:41:03AM Nov 19, 2024",95,62,0,0,0,
"06:41:07AM Nov 19, 2024",94,58,0,0,0,
"06:41:11AM Nov 19, 2024",94,58,0,0,0,
"06:41:15AM Nov 19, 2024",95,59,0,0,0,
"06:41:19AM Nov 19, 2024",96,59,0,0,0,
"06:41:23AM Nov 19, 2024",96,59,0,0,0,
"06:41:27AM Nov 19, 2024",96,60,0,0,0,
"06:41:31AM Nov 19, 2024",96,61,0,0,0,
"06:41:35AM Nov 19, 2024",96,61,0,0,0,
"06:41:39AM Nov 19, 2024",95,63,0,0,0,
"06:41:43AM Nov 19, 2024",95,67,0,0,0,
"06:41:47AM Nov 19, 2024",94,67,0,0,0,
"06:41:51AM Nov 19, 2024",93,59,0,0,0,
"06:41:55AM Nov 19, 2024",93,55,0,0,0,
"06:41:59AM Nov 19, 2024",94,56,0,0,0,
"06:42:03AM Nov 19, 2024",95,58,0,0,0,
"06:42:07AM Nov 19, 2024",96,61,0,0,0,
"06:42:11AM Nov 19, 2024",96,62,0,0,0,
"06:42:15AM Nov 19, 2024",96,62,0,0,0,
"06:42:19AM Nov 19, 2024",96,62,0,0,0,
"06:42:23AM Nov 19, 2024",96,62,0,0,0,
"06:42:27AM Nov 19, 2024",96,66,0,0,0,
"06:42:31AM Nov 19, 2024",96,67,37,0,0,
"06:42:35AM Nov 19, 2024",95,72,0,0,0,
"06:42:39AM Nov 19, 2024",94,77,0,0,0,
"06:42:43AM Nov 19, 2024",95,71,0,0,0,
"06:42:47AM Nov 19, 2024",96,63,0,0,0,
"06:42:51AM Nov 19, 2024",97,60,0,0,0,
"06:42:55AM Nov 19, 2024",96,59,0,0,0,
"06:42:59AM Nov 19, 2024",96,58,0,0,0,
"06:43:03AM Nov 19, 2024",96,59,0,0,0,
"06:43:07AM Nov 19, 2024",97,60,0,0,0,
"06:43:11AM Nov 19, 2024",97,60,0,0,0,
"06:43:15AM Nov 19, 2024",96,59,0,0,0,
"06:43:19AM Nov 19, 2024",96,57,0,0,0,
"06:43:23AM Nov 19, 2024",96,55,0,0,0,
"06:43:27AM Nov 19, 2024",96,55,0,0,0,
"06:43:31AM Nov 19, 2024",96,59,0,0,0,
"06:43:35AM Nov 19, 2024",96,58,0,0,0,
"06:43:39AM Nov 19, 2024",96,56,0,0,0,
"06:43:43AM Nov 19, 2024",96,59,0,0,0,
"06:43:47AM Nov 19, 2024",96,61,0,0,0,
"06:43:51AM Nov 19, 2024",96,62,0,0,0,
"06:43:55AM Nov 19, 2024",97,62,0,0,0,
"06:43:59AM Nov 19, 2024",96,62,0,0,0,
"06:44:03AM Nov 19, 2024",96,60,0,0,0,
"06:44:07AM Nov 19, 2024",96,60,0,0,0,
"06:44:11AM Nov 19, 2024",96,61,0,0,0,
"06:44:15AM Nov 19, 2024",95,64,0,0,0,
"06:44:19AM Nov 19, 2024",95,59,0,0,0,
"06:44:23AM Nov 19, 2024",94,55,0,0,0,
"06:44:27AM Nov 19, 2024",95,54,0,0,0,
"06:44:31AM Nov 19, 2024",96,57,0,0,0,
"06:44:35AM Nov 19, 2024",96,59,0,0,0,
"06:44:39AM Nov 19, 2024",96,60,0,0,0,
"06:44:43AM Nov 19, 2024",96,60,0,0,0,
"06:44:47AM Nov 19, 2024",97,62,14,0,0,
"06:44:51AM Nov 19, 2024",97,62,10,0,0,
"06:44:55AM Nov 19, 2024",97,62,5,0,0,
"06:44:59AM Nov 19, 2024",97,62,4,0,0,
"06:45:03AM Nov 19, 2024",97,72,2,0,0,
"06:45:07AM Nov 19, 2024",97,89,0,0,0,
"06:45:11AM Nov 19, 2024",97,94,0,0,0,
"06:45:15AM Nov 19, 2024",97,90,12,0,0,
"06:45:19AM Nov 19, 2024",97,90,4,0,0,
"06:45:23AM Nov 19, 2024",97,88,0,0,0,
"06:45:27AM Nov 19, 2024",97,81,0,0,0,
"06:45:31AM Nov 19, 2024",97,71,0,0,0,
"06:45:35AM Nov 19, 2024",97,68,0,0,0,
"06:45:39AM Nov 19, 2024",97,65,0,0,0,
"06:45:43AM Nov 19, 2024",97,62,0,0,0,
"06:45:47AM Nov 19, 2024",97,62,0,0,0,
"06:45:51AM Nov 19, 2024",97,61,0,0,0,
"06:45:55AM Nov 19, 2024",97,60,0,0,0,
"06:45:59AM Nov 19, 2024",97,59,0,0,0,
"06:46:03AM Nov 19, 2024",97,60,0,0,0,
"06:46:07AM Nov 19, 2024",97,61,0,0,0,
"06:46:11AM Nov 19, 2024",97,61,0,0,0,
"06:46:15AM Nov 19, 2024",97,59,0,0,0,
"06:46:19AM Nov 19, 2024",97,59,0,0,0,
"06:46:23AM Nov 19, 2024",97,61,0,0,0,
"06:46:27AM Nov 19, 2024",97,62,0,0,0,
"06:46:31AM Nov 19, 2024",97,58,0,0,0,
"06:46:35AM Nov 19, 2024",97,62,11,0,0,
"06:46:39AM Nov 19, 2024",97,62,5,0,0,
"06:46:43AM Nov 19, 2024",97,66,0,0,0,
"06:46:47AM Nov 19, 2024",96,67,0,0,0,
"06:46:51AM Nov 19, 2024",97,70,0,0,0,
"06:46:55AM Nov 19, 2024",97,62,0,0,0,
"06:46:59AM Nov 19, 2024",97,57,0,0,0,
"06:47:03AM Nov 19, 2024",97,56,0,0,0,
"06:47:07AM Nov 19, 2024",96,57,0,0,0,
"06:47:11AM Nov 19, 2024",96,58,0,0,0,
"06:47:15AM Nov 19, 2024",96,61,0,0,0,
"06:47:19AM Nov 19, 2024",96,62,0,0,0,
"06:47:23AM Nov 19, 2024",96,59,0,0,0,
"06:47:27AM Nov 19, 2024",96,58,0,0,0,
"06:47:31AM Nov 19, 2024",96,59,1,0,0,
"06:47:35AM Nov 19, 2024",96,60,0,0,0,
"06:47:39AM Nov 19, 2024",96,58,0,0,0,
"06:47:43AM Nov 19, 2024",96,56,0,0,0,
"06:47:47AM Nov 19, 2024",96,55,0,0,0,
"06:47:51AM Nov 19, 2024",96,55,3,0,0,
"06:47:55AM Nov 19, 2024",96,57,5,0,0,
"06:47:59AM Nov 19, 2024",96,57,28,0,0,
"06:48:03AM Nov 19, 2024",96,57,11,0,0,
"06:48:07AM Nov 19, 2024",96,66,5,0,0,
"06:48:11AM Nov 19, 2024",95,81,0,0,0,
"06:48:15AM Nov 19, 2024",96,81,1,0,0,
"06:48:19AM Nov 19, 2024",96,81,9,0,0,
"06:48:23AM Nov 19, 2024",96,81,9,0,0,
"06:48:27AM Nov 19, 2024",97,75,0,0,0,
"06:48:31AM Nov 19, 2024",96,69,7,0,0,
"06:48:35AM Nov 19, 2024",96,69,5,0,0,
"06:48:39AM Nov 19, 2024",96,69,4,0,0,
"06:48:43AM Nov 19, 2024",96,69,1,0,0,
"06:48:47AM Nov 19, 2024",96,70,0,0,0,
"06:48:51AM Nov 19, 2024",96,70,1,0,0,
"06:48:55AM Nov 19, 2024",96,70,31,0,0,
"06:48:59AM Nov 19, 2024",96,70,4,0,0,
"06:49:03AM Nov 19, 2024",97,71,0,0,0,
"06:49:07AM Nov 19, 2024",96,66,0,0,0,
"06:49:11AM Nov 19, 2024",96,61,0,0,0,
"06:49:15AM Nov 19, 2024",97,60,0,0,0,
"06:49:19AM Nov 19, 2024",97,61,18,0,0,
"06:49:23AM Nov 19, 2024",97,62,5,0,0,
"06:49:27AM Nov 19, 2024",97,62,8,0,0,
"06:49:31AM Nov 19, 2024",97,63,8,0,0,
"06:49:35AM Nov 19, 2024",97,63,1,0,0,
"06:49:39AM Nov 19, 2024",96,63,0,0,0,
"06:49:43AM Nov 19, 2024",96,62,0,0,0,
"06:49:47AM Nov 19, 2024",97,58,0,0,0,
"06:49:51AM Nov 19, 2024",97,57,0,0,0,
"06:49:55AM Nov 19, 2024",97,58,0,0,0,
"06:49:59AM Nov 19, 2024",96,60,0,0,0,
"06:50:03AM Nov 19, 2024",96,60,0,0,0,
"06:50:07AM Nov 19, 2024",96,61,0,0,0,
"06:50:11AM Nov 19, 2024",96,61,0,0,0,
"06:50:15AM Nov 19, 2024",96,61,0,0,0,
"06:50:19AM Nov 19, 2024",96,61,1,0,0,
"06:50:23AM Nov 19, 2024",97,66,1,0,0,
"06:50:27AM Nov 19, 2024",97,68,0,0,0,
"06:50:31AM Nov 19, 2024",96,70,0,0,0,
"06:50:35AM Nov 19, 2024",96,65,0,0,0,
"06:50:39AM Nov 19, 2024",96,60,0,0,0,
"06:50:43AM Nov 19, 2024",96,58,0,0,0,
"06:50:47AM Nov 19, 2024",96,60,0,0,0,
"06:50:51AM Nov 19, 2024",96,63,0,0,0,
"06:50:55AM Nov 19, 2024",96,67,0,0,0,
"06:50:59AM Nov 19, 2024",95,72,0,0,0,
"06:51:03AM Nov 19, 2024",95,70,0,0,0,
"06:51:07AM Nov 19, 2024",95,63,0,0,0,
"06:51:11AM Nov 19, 2024",96,61,0,0,0,
"06:51:15AM Nov 19, 2024",97,58,0,0,0,
"06:51:19AM Nov 19, 2024",96,57,0,0,0,
"06:51:23AM Nov 19, 2024",96,56,0,0,0,
"06:51:27AM Nov 19, 2024",96,58,0,0,0,
"06:51:31AM Nov 19, 2024",96,60,0,0,0,
"06:51:35AM Nov 19, 2024",96,62,0,0,0,
"06:51:39AM Nov 19, 2024",96,63,0,0,0,
"06:51:43AM Nov 19, 2024",96,65,32,0,0,
"06:51:47AM Nov 19, 2024",96,65,60,0,0,
"06:51:51AM Nov 19, 2024",96,65,10,0,0,
"06:51:55AM Nov 19, 2024",95,69,6,0,0,
"06:51:59AM Nov 19, 2024",95,72,4,0,0,
"06:52:03AM Nov 19, 2024",95,72,0,0,0,
"06:52:07AM Nov 19, 2024",95,74,0,0,0,
"06:52:11AM Nov 19, 2024",97,69,0,0,0,
"06:52:15AM Nov 19, 2024",97,66,3,0,0,
"06:52:19AM Nov 19, 2024",97,66,3,0,0,
"06:52:23AM Nov 19, 2024",97,70,0,0,0,
"06:52:27AM Nov 19, 2024",96,71,25,0,0,
"06:52:31AM Nov 19, 2024",96,71,3,0,0,
"06:52:35AM Nov 19, 2024",96,71,12,0,0,
"06:52:39AM Nov 19, 2024",96,71,8,0,0,
"06:52:43AM Nov 19, 2024",96,69,8,0,0,
"06:52:47AM Nov 19, 2024",96,71,6,0,0,
"06:52:51AM Nov 19, 2024",96,71,3,0,0,
"06:52:55AM Nov 19, 2024",96,71,5,0,0,
"06:52:59AM Nov 19, 2024",96,68,5,0,0,
"06:53:03AM Nov 19, 2024",97,66,1,0,0,
"06:53:07AM Nov 19, 2024",97,65,1,0,0,
"06:53:11AM Nov 19, 2024",97,58,1,0,0,
"06:53:15AM Nov 19, 2024",97,58,3,0,0,
"06:53:19AM Nov 19, 2024",97,58,2,0,0,
"06:53:23AM Nov 19, 2024",96,58,0,0,0,
"06:53:27AM Nov 19, 2024",96,58,0,0,0,
"06:53:31AM Nov 19, 2024",96,60,0,0,0,
"06:53:35AM Nov 19, 2024",97,60,0,0,0,
"06:53:39AM Nov 19, 2024",97,60,0,0,0,
"06:53:43AM Nov 19, 2024",96,59,0,0,0,
"06:53:47AM Nov 19, 2024",96,56,1,0,0,
"06:53:51AM Nov 19, 2024",96,57,8,0,0,
"06:53:55AM Nov 19, 2024",96,60,0,0,0,
"06:53:59AM Nov 19, 2024",95,59,0,0,0,
"06:54:03AM Nov 19, 2024",95,59,0,0,0,
"06:54:07AM Nov 19, 2024",95,60,25,0,0,
"06:54:11AM Nov 19, 2024",94,69,0,0,0,
"06:54:15AM Nov 19, 2024",94,70,0,0,0,
"06:54:19AM Nov 19, 2024",96,66,0,0,0,
"06:54:23AM Nov 19, 2024",96,65,24,0,0,
"06:54:27AM Nov 19, 2024",96,63,4,0,0,
"06:54:31AM Nov 19, 2024",96,60,0,0,0,
"06:54:35AM Nov 19, 2024",96,56,0,0,0,
"06:54:39AM Nov 19, 2024",97,58,0,0,0,
"06:54:43AM Nov 19, 2024",97,63,0,0,0,
"06:54:47AM Nov 19, 2024",97,64,0,0,0,
"06:54:51AM Nov 19, 2024",96,62,1,0,0,
"06:54:55AM Nov 19, 2024",96,57,3,0,0,
"06:54:59AM Nov 19, 2024",96,57,0,0,0,
"06:55:03AM Nov 19, 2024",96,55,0,0,0,
"06:55:07AM Nov 19, 2024",96,58,0,0,0,
"06:55:11AM Nov 19, 2024",96,58,0,0,0,
"06:55:15AM Nov 19, 2024",96,58,0,0,0,
"06:55:19AM Nov 19, 2024",96,59,7,0,0,
"06:55:23AM Nov 19, 2024",96,59,23,0,0,
"06:55:27AM Nov 19, 2024",96,59,7,0,0,
"06:55:31AM Nov 19, 2024",96,59,2,0,0,
"06:55:35AM Nov 19, 2024",96,59,12,0,0,
"06:55:39AM Nov 19, 2024",96,59,26,0,0,
"06:55:43AM Nov 19, 2024",255,65535,20,0,0,
"06:55:47AM Nov 19, 2024",255,65535,0,0,0,
